subject,predicate,object,source,gene_expr
http://identifiers.org/hgnc/6473,http://purl.org/ccf/ccf_characterizes,http://purl.obolibrary.org/obo/CL_0000236,https://github.com/hubmapconsortium/hra-hubmap-kpmp-integration,2.009148
http://identifiers.org/hgnc/9395,http://purl.org/ccf/ccf_characterizes,http://purl.obolibrary.org/obo/CL_0000236,https://github.com/hubmapconsortium/hra-hubmap-kpmp-integration,1.764662
http://identifiers.org/hgnc/18233,http://purl.org/ccf/ccf_characterizes,http://purl.obolibrary.org/obo/CL_0000236,https://github.com/hubmapconsortium/hra-hubmap-kpmp-integration,1.973676
http://identifiers.org/hgnc/21030,http://purl.org/ccf/ccf_characterizes,http://purl.obolibrary.org/obo/CL_0000236,https://github.com/hubmapconsortium/hra-hubmap-kpmp-integration,1.74717
http://identifiers.org/hgnc/13872,http://purl.org/ccf/ccf_characterizes,http://purl.obolibrary.org/obo/CL_0000236,https://github.com/hubmapconsortium/hra-hubmap-kpmp-integration,1.622804
http://identifiers.org/hgnc/25259,http://purl.org/ccf/ccf_characterizes,http://purl.obolibrary.org/obo/CL_0000236,https://github.com/hubmapconsortium/hra-hubmap-kpmp-integration,1.678571
http://identifiers.org/hgnc/6079,http://purl.org/ccf/ccf_characterizes,http://purl.obolibrary.org/obo/CL_0000236,https://github.com/hubmapconsortium/hra-hubmap-kpmp-integration,1.33047
http://identifiers.org/hgnc/30279,http://purl.org/ccf/ccf_characterizes,http://purl.obolibrary.org/obo/CL_0000236,https://github.com/hubmapconsortium/hra-hubmap-kpmp-integration,1.715654
http://identifiers.org/hgnc/9666,http://purl.org/ccf/ccf_characterizes,http://purl.obolibrary.org/obo/CL_0000236,https://github.com/hubmapconsortium/hra-hubmap-kpmp-integration,1.287498
http://identifiers.org/hgnc/19341,http://purl.org/ccf/ccf_characterizes,http://purl.obolibrary.org/obo/CL_0000236,https://github.com/hubmapconsortium/hra-hubmap-kpmp-integration,1.409477
http://identifiers.org/hgnc/1057,http://purl.org/ccf/ccf_characterizes,http://purl.obolibrary.org/obo/CL_0000236,https://github.com/hubmapconsortium/hra-hubmap-kpmp-integration,1.18896
http://identifiers.org/hgnc/29114,http://purl.org/ccf/ccf_characterizes,http://purl.obolibrary.org/obo/CL_0000236,https://github.com/hubmapconsortium/hra-hubmap-kpmp-integration,1.580098
http://identifiers.org/hgnc/1585,http://purl.org/ccf/ccf_characterizes,http://purl.obolibrary.org/obo/CL_0000236,https://github.com/hubmapconsortium/hra-hubmap-kpmp-integration,1.530037
http://identifiers.org/hgnc/7315,http://purl.org/ccf/ccf_characterizes,http://purl.obolibrary.org/obo/CL_0000236,https://github.com/hubmapconsortium/hra-hubmap-kpmp-integration,1.082972
http://identifiers.org/hgnc/2988,http://purl.org/ccf/ccf_characterizes,http://purl.obolibrary.org/obo/CL_0000236,https://github.com/hubmapconsortium/hra-hubmap-kpmp-integration,1.058229
http://identifiers.org/hgnc/13176,http://purl.org/ccf/ccf_characterizes,http://purl.obolibrary.org/obo/CL_0000236,https://github.com/hubmapconsortium/hra-hubmap-kpmp-integration,1.053315
http://identifiers.org/hgnc/2550,http://purl.org/ccf/ccf_characterizes,http://purl.obolibrary.org/obo/CL_0000236,https://github.com/hubmapconsortium/hra-hubmap-kpmp-integration,1.264822
http://identifiers.org/hgnc/25361,http://purl.org/ccf/ccf_characterizes,http://purl.obolibrary.org/obo/CL_0000236,https://github.com/hubmapconsortium/hra-hubmap-kpmp-integration,1.807449
http://identifiers.org/hgnc/16286,http://purl.org/ccf/ccf_characterizes,http://purl.obolibrary.org/obo/CL_0000236,https://github.com/hubmapconsortium/hra-hubmap-kpmp-integration,1.203417
http://identifiers.org/hgnc/8619,http://purl.org/ccf/ccf_characterizes,http://purl.obolibrary.org/obo/CL_0000236,https://github.com/hubmapconsortium/hra-hubmap-kpmp-integration,0.972029
http://identifiers.org/hgnc/14467,http://purl.org/ccf/ccf_characterizes,http://purl.obolibrary.org/obo/CL_1001432,https://github.com/hubmapconsortium/hra-hubmap-kpmp-integration,2.556519
http://identifiers.org/hgnc/18266,http://purl.org/ccf/ccf_characterizes,http://purl.obolibrary.org/obo/CL_1001432,https://github.com/hubmapconsortium/hra-hubmap-kpmp-integration,1.6326
http://identifiers.org/hgnc/17438,http://purl.org/ccf/ccf_characterizes,http://purl.obolibrary.org/obo/CL_1001432,https://github.com/hubmapconsortium/hra-hubmap-kpmp-integration,1.843516
http://identifiers.org/hgnc/866,http://purl.org/ccf/ccf_characterizes,http://purl.obolibrary.org/obo/CL_1001432,https://github.com/hubmapconsortium/hra-hubmap-kpmp-integration,1.732657
http://identifiers.org/hgnc/18264,http://purl.org/ccf/ccf_characterizes,http://purl.obolibrary.org/obo/CL_1001432,https://github.com/hubmapconsortium/hra-hubmap-kpmp-integration,1.446644
http://identifiers.org/hgnc/19030,http://purl.org/ccf/ccf_characterizes,http://purl.obolibrary.org/obo/CL_1001432,https://github.com/hubmapconsortium/hra-hubmap-kpmp-integration,1.749532
http://identifiers.org/hgnc/946,http://purl.org/ccf/ccf_characterizes,http://purl.obolibrary.org/obo/CL_1001432,https://github.com/hubmapconsortium/hra-hubmap-kpmp-integration,2.577086
http://identifiers.org/hgnc/17925,http://purl.org/ccf/ccf_characterizes,http://purl.obolibrary.org/obo/CL_1001432,https://github.com/hubmapconsortium/hra-hubmap-kpmp-integration,1.996693
http://identifiers.org/hgnc/8776,http://purl.org/ccf/ccf_characterizes,http://purl.obolibrary.org/obo/CL_1001432,https://github.com/hubmapconsortium/hra-hubmap-kpmp-integration,1.442767
http://identifiers.org/hgnc/3041,http://purl.org/ccf/ccf_characterizes,http://purl.obolibrary.org/obo/CL_1001432,https://github.com/hubmapconsortium/hra-hubmap-kpmp-integration,1.470249
http://identifiers.org/hgnc/21035,http://purl.org/ccf/ccf_characterizes,http://purl.obolibrary.org/obo/CL_1001432,https://github.com/hubmapconsortium/hra-hubmap-kpmp-integration,1.522544
http://identifiers.org/hgnc/9066,http://purl.org/ccf/ccf_characterizes,http://purl.obolibrary.org/obo/CL_1001432,https://github.com/hubmapconsortium/hra-hubmap-kpmp-integration,1.65012
http://identifiers.org/hgnc/1371,http://purl.org/ccf/ccf_characterizes,http://purl.obolibrary.org/obo/CL_1001432,https://github.com/hubmapconsortium/hra-hubmap-kpmp-integration,1.919595
http://identifiers.org/hgnc/27220,http://purl.org/ccf/ccf_characterizes,http://purl.obolibrary.org/obo/CL_1001432,https://github.com/hubmapconsortium/hra-hubmap-kpmp-integration,1.264376
http://identifiers.org/hgnc/11168,http://purl.org/ccf/ccf_characterizes,http://purl.obolibrary.org/obo/CL_1001432,https://github.com/hubmapconsortium/hra-hubmap-kpmp-integration,1.220657
http://identifiers.org/hgnc/7728,http://purl.org/ccf/ccf_characterizes,http://purl.obolibrary.org/obo/CL_1001432,https://github.com/hubmapconsortium/hra-hubmap-kpmp-integration,2.053691
http://identifiers.org/hgnc/11035,http://purl.org/ccf/ccf_characterizes,http://purl.obolibrary.org/obo/CL_1001432,https://github.com/hubmapconsortium/hra-hubmap-kpmp-integration,1.083118
http://identifiers.org/hgnc/19152,http://purl.org/ccf/ccf_characterizes,http://purl.obolibrary.org/obo/CL_1001432,https://github.com/hubmapconsortium/hra-hubmap-kpmp-integration,1.385727
http://identifiers.org/hgnc/25308,http://purl.org/ccf/ccf_characterizes,http://purl.obolibrary.org/obo/CL_1001432,https://github.com/hubmapconsortium/hra-hubmap-kpmp-integration,1.371532
http://identifiers.org/hgnc/634,http://purl.org/ccf/ccf_characterizes,http://purl.obolibrary.org/obo/CL_1001431,https://github.com/hubmapconsortium/hra-hubmap-kpmp-integration,1.466903
http://identifiers.org/hgnc/4028,http://purl.org/ccf/ccf_characterizes,http://purl.obolibrary.org/obo/CL_1001431,https://github.com/hubmapconsortium/hra-hubmap-kpmp-integration,1.191442
http://identifiers.org/hgnc/4172,http://purl.org/ccf/ccf_characterizes,http://purl.obolibrary.org/obo/CL_1001431,https://github.com/hubmapconsortium/hra-hubmap-kpmp-integration,0.998027
http://identifiers.org/hgnc/636,http://purl.org/ccf/ccf_characterizes,http://purl.obolibrary.org/obo/CL_1001431,https://github.com/hubmapconsortium/hra-hubmap-kpmp-integration,1.171725
http://identifiers.org/hgnc/18610,http://purl.org/ccf/ccf_characterizes,http://purl.obolibrary.org/obo/CL_1001431,https://github.com/hubmapconsortium/hra-hubmap-kpmp-integration,0.618736
http://identifiers.org/hgnc/3320,http://purl.org/ccf/ccf_characterizes,http://purl.obolibrary.org/obo/CL_1001431,https://github.com/hubmapconsortium/hra-hubmap-kpmp-integration,0.556643
http://identifiers.org/hgnc/13447,http://purl.org/ccf/ccf_characterizes,http://purl.obolibrary.org/obo/CL_1001431,https://github.com/hubmapconsortium/hra-hubmap-kpmp-integration,0.824729
http://identifiers.org/hgnc/9841,http://purl.org/ccf/ccf_characterizes,http://purl.obolibrary.org/obo/CL_1001431,https://github.com/hubmapconsortium/hra-hubmap-kpmp-integration,0.933857
http://identifiers.org/hgnc/11276,http://purl.org/ccf/ccf_characterizes,http://purl.obolibrary.org/obo/CL_1001431,https://github.com/hubmapconsortium/hra-hubmap-kpmp-integration,0.62931
http://identifiers.org/hgnc/10602,http://purl.org/ccf/ccf_characterizes,http://purl.obolibrary.org/obo/CL_1001431,https://github.com/hubmapconsortium/hra-hubmap-kpmp-integration,0.493841
http://identifiers.org/hgnc/3522,http://purl.org/ccf/ccf_characterizes,http://purl.obolibrary.org/obo/CL_1001431,https://github.com/hubmapconsortium/hra-hubmap-kpmp-integration,0.470363
http://identifiers.org/hgnc/8602,http://purl.org/ccf/ccf_characterizes,http://purl.obolibrary.org/obo/CL_1001431,https://github.com/hubmapconsortium/hra-hubmap-kpmp-integration,0.707709
http://identifiers.org/hgnc/2095,http://purl.org/ccf/ccf_characterizes,http://purl.obolibrary.org/obo/CL_1001431,https://github.com/hubmapconsortium/hra-hubmap-kpmp-integration,1.150846
http://identifiers.org/hgnc/1131,http://purl.org/ccf/ccf_characterizes,http://purl.obolibrary.org/obo/CL_1001431,https://github.com/hubmapconsortium/hra-hubmap-kpmp-integration,0.734725
http://identifiers.org/hgnc/1077,http://purl.org/ccf/ccf_characterizes,http://purl.obolibrary.org/obo/CL_1001431,https://github.com/hubmapconsortium/hra-hubmap-kpmp-integration,0.605748
http://identifiers.org/hgnc/6436,http://purl.org/ccf/ccf_characterizes,http://purl.obolibrary.org/obo/CL_1001431,https://github.com/hubmapconsortium/hra-hubmap-kpmp-integration,1.456221
http://identifiers.org/hgnc/3318,http://purl.org/ccf/ccf_characterizes,http://purl.obolibrary.org/obo/CL_1001431,https://github.com/hubmapconsortium/hra-hubmap-kpmp-integration,1.240607
http://identifiers.org/hgnc/10253,http://purl.org/ccf/ccf_characterizes,http://purl.obolibrary.org/obo/CL_1001431,https://github.com/hubmapconsortium/hra-hubmap-kpmp-integration,0.96507
http://identifiers.org/hgnc/27295,http://purl.org/ccf/ccf_characterizes,http://purl.obolibrary.org/obo/CL_1001431,https://github.com/hubmapconsortium/hra-hubmap-kpmp-integration,0.517587
http://identifiers.org/hgnc/11068,http://purl.org/ccf/ccf_characterizes,http://purl.obolibrary.org/obo/CL_1000768,https://github.com/hubmapconsortium/hra-hubmap-kpmp-integration,1.36168
http://identifiers.org/hgnc/10588,http://purl.org/ccf/ccf_characterizes,http://purl.obolibrary.org/obo/CL_1000768,https://github.com/hubmapconsortium/hra-hubmap-kpmp-integration,0.74219
http://identifiers.org/hgnc/8973,http://purl.org/ccf/ccf_characterizes,http://purl.obolibrary.org/obo/CL_1000768,https://github.com/hubmapconsortium/hra-hubmap-kpmp-integration,0.642642
http://identifiers.org/hgnc/5209,http://purl.org/ccf/ccf_characterizes,http://purl.obolibrary.org/obo/CL_1000768,https://github.com/hubmapconsortium/hra-hubmap-kpmp-integration,0.790822
http://identifiers.org/hgnc/27152,http://purl.org/ccf/ccf_characterizes,http://purl.obolibrary.org/obo/CL_1000768,https://github.com/hubmapconsortium/hra-hubmap-kpmp-integration,0.424703
http://identifiers.org/hgnc/7174,http://purl.org/ccf/ccf_characterizes,http://purl.obolibrary.org/obo/CL_1000768,https://github.com/hubmapconsortium/hra-hubmap-kpmp-integration,0.702823
http://identifiers.org/hgnc/49222,http://purl.org/ccf/ccf_characterizes,http://purl.obolibrary.org/obo/CL_1000768,https://github.com/hubmapconsortium/hra-hubmap-kpmp-integration,0.35543
http://identifiers.org/hgnc/1434,http://purl.org/ccf/ccf_characterizes,http://purl.obolibrary.org/obo/CL_1000768,https://github.com/hubmapconsortium/hra-hubmap-kpmp-integration,0.546903
http://identifiers.org/hgnc/6593,http://purl.org/ccf/ccf_characterizes,http://purl.obolibrary.org/obo/CL_1000768,https://github.com/hubmapconsortium/hra-hubmap-kpmp-integration,0.430071
http://identifiers.org/hgnc/10919,http://purl.org/ccf/ccf_characterizes,http://purl.obolibrary.org/obo/CL_1000768,https://github.com/hubmapconsortium/hra-hubmap-kpmp-integration,0.439896
http://identifiers.org/hgnc/48667,http://purl.org/ccf/ccf_characterizes,http://purl.obolibrary.org/obo/CL_1000768,https://github.com/hubmapconsortium/hra-hubmap-kpmp-integration,0.478371
http://identifiers.org/hgnc/9841,http://purl.org/ccf/ccf_characterizes,http://purl.obolibrary.org/obo/CL_1000768,https://github.com/hubmapconsortium/hra-hubmap-kpmp-integration,0.780636
http://identifiers.org/hgnc/3340,http://purl.org/ccf/ccf_characterizes,http://purl.obolibrary.org/obo/CL_1000768,https://github.com/hubmapconsortium/hra-hubmap-kpmp-integration,0.329958
http://identifiers.org/hgnc/804,http://purl.org/ccf/ccf_characterizes,http://purl.obolibrary.org/obo/CL_1000768,https://github.com/hubmapconsortium/hra-hubmap-kpmp-integration,1.984922
http://identifiers.org/hgnc/19221,http://purl.org/ccf/ccf_characterizes,http://purl.obolibrary.org/obo/CL_1000768,https://github.com/hubmapconsortium/hra-hubmap-kpmp-integration,1.470251
http://identifiers.org/hgnc/19414,http://purl.org/ccf/ccf_characterizes,http://purl.obolibrary.org/obo/CL_1000768,https://github.com/hubmapconsortium/hra-hubmap-kpmp-integration,0.41829
http://identifiers.org/hgnc/11972,http://purl.org/ccf/ccf_characterizes,http://purl.obolibrary.org/obo/CL_1000768,https://github.com/hubmapconsortium/hra-hubmap-kpmp-integration,0.519053
http://identifiers.org/hgnc/956,http://purl.org/ccf/ccf_characterizes,http://purl.obolibrary.org/obo/CL_1000768,https://github.com/hubmapconsortium/hra-hubmap-kpmp-integration,0.181335
http://identifiers.org/hgnc/29323,http://purl.org/ccf/ccf_characterizes,http://purl.obolibrary.org/obo/CL_0000451,https://github.com/hubmapconsortium/hra-hubmap-kpmp-integration,2.150821
http://identifiers.org/hgnc/5358,http://purl.org/ccf/ccf_characterizes,http://purl.obolibrary.org/obo/CL_0000451,https://github.com/hubmapconsortium/hra-hubmap-kpmp-integration,1.296218
http://identifiers.org/hgnc/14065,http://purl.org/ccf/ccf_characterizes,http://purl.obolibrary.org/obo/CL_0000451,https://github.com/hubmapconsortium/hra-hubmap-kpmp-integration,1.741917
http://identifiers.org/hgnc/1697,http://purl.org/ccf/ccf_characterizes,http://purl.obolibrary.org/obo/CL_0000451,https://github.com/hubmapconsortium/hra-hubmap-kpmp-integration,1.7985
http://identifiers.org/hgnc/3765,http://purl.org/ccf/ccf_characterizes,http://purl.obolibrary.org/obo/CL_0000451,https://github.com/hubmapconsortium/hra-hubmap-kpmp-integration,1.131542
http://identifiers.org/hgnc/25523,http://purl.org/ccf/ccf_characterizes,http://purl.obolibrary.org/obo/CL_0000451,https://github.com/hubmapconsortium/hra-hubmap-kpmp-integration,1.228712
http://identifiers.org/hgnc/6473,http://purl.org/ccf/ccf_characterizes,http://purl.obolibrary.org/obo/CL_0000451,https://github.com/hubmapconsortium/hra-hubmap-kpmp-integration,1.373983
http://identifiers.org/hgnc/3495,http://purl.org/ccf/ccf_characterizes,http://purl.obolibrary.org/obo/CL_0000451,https://github.com/hubmapconsortium/hra-hubmap-kpmp-integration,1.649536
http://identifiers.org/hgnc/2550,http://purl.org/ccf/ccf_characterizes,http://purl.obolibrary.org/obo/CL_0000451,https://github.com/hubmapconsortium/hra-hubmap-kpmp-integration,1.249719
http://identifiers.org/hgnc/17069,http://purl.org/ccf/ccf_characterizes,http://purl.obolibrary.org/obo/CL_0000451,https://github.com/hubmapconsortium/hra-hubmap-kpmp-integration,1.567262
http://identifiers.org/hgnc/7067,http://purl.org/ccf/ccf_characterizes,http://purl.obolibrary.org/obo/CL_0000451,https://github.com/hubmapconsortium/hra-hubmap-kpmp-integration,1.169589
http://identifiers.org/hgnc/16286,http://purl.org/ccf/ccf_characterizes,http://purl.obolibrary.org/obo/CL_0000451,https://github.com/hubmapconsortium/hra-hubmap-kpmp-integration,1.203275
http://identifiers.org/hgnc/6079,http://purl.org/ccf/ccf_characterizes,http://purl.obolibrary.org/obo/CL_0000451,https://github.com/hubmapconsortium/hra-hubmap-kpmp-integration,1.100216
http://identifiers.org/hgnc/14262,http://purl.org/ccf/ccf_characterizes,http://purl.obolibrary.org/obo/CL_0000451,https://github.com/hubmapconsortium/hra-hubmap-kpmp-integration,1.728283
http://identifiers.org/hgnc/17438,http://purl.org/ccf/ccf_characterizes,http://purl.obolibrary.org/obo/CL_0000451,https://github.com/hubmapconsortium/hra-hubmap-kpmp-integration,1.391121
http://identifiers.org/hgnc/15925,http://purl.org/ccf/ccf_characterizes,http://purl.obolibrary.org/obo/CL_0000451,https://github.com/hubmapconsortium/hra-hubmap-kpmp-integration,1.03402
http://identifiers.org/hgnc/29114,http://purl.org/ccf/ccf_characterizes,http://purl.obolibrary.org/obo/CL_0000451,https://github.com/hubmapconsortium/hra-hubmap-kpmp-integration,1.475811
http://identifiers.org/hgnc/9669,http://purl.org/ccf/ccf_characterizes,http://purl.obolibrary.org/obo/CL_0000451,https://github.com/hubmapconsortium/hra-hubmap-kpmp-integration,1.007918
http://identifiers.org/hgnc/23479,http://purl.org/ccf/ccf_characterizes,http://purl.obolibrary.org/obo/CL_0000451,https://github.com/hubmapconsortium/hra-hubmap-kpmp-integration,1.08343
http://identifiers.org/hgnc/4940,http://purl.org/ccf/ccf_characterizes,http://purl.obolibrary.org/obo/CL_0000451,https://github.com/hubmapconsortium/hra-hubmap-kpmp-integration,1.100871
http://identifiers.org/hgnc/10912,http://purl.org/ccf/ccf_characterizes,http://purl.obolibrary.org/obo/CL_1000849,https://github.com/hubmapconsortium/hra-hubmap-kpmp-integration,2.683618
http://identifiers.org/hgnc/26438,http://purl.org/ccf/ccf_characterizes,http://purl.obolibrary.org/obo/CL_1000849,https://github.com/hubmapconsortium/hra-hubmap-kpmp-integration,1.087397
http://identifiers.org/hgnc/14540,http://purl.org/ccf/ccf_characterizes,http://purl.obolibrary.org/obo/CL_1000849,https://github.com/hubmapconsortium/hra-hubmap-kpmp-integration,1.772596
http://identifiers.org/hgnc/11255,http://purl.org/ccf/ccf_characterizes,http://purl.obolibrary.org/obo/CL_1000849,https://github.com/hubmapconsortium/hra-hubmap-kpmp-integration,2.04046
http://identifiers.org/hgnc/1371,http://purl.org/ccf/ccf_characterizes,http://purl.obolibrary.org/obo/CL_1000849,https://github.com/hubmapconsortium/hra-hubmap-kpmp-integration,1.551981
http://identifiers.org/hgnc/17994,http://purl.org/ccf/ccf_characterizes,http://purl.obolibrary.org/obo/CL_1000849,https://github.com/hubmapconsortium/hra-hubmap-kpmp-integration,1.322265
http://identifiers.org/hgnc/6354,http://purl.org/ccf/ccf_characterizes,http://purl.obolibrary.org/obo/CL_1000849,https://github.com/hubmapconsortium/hra-hubmap-kpmp-integration,0.72022
http://identifiers.org/hgnc/6593,http://purl.org/ccf/ccf_characterizes,http://purl.obolibrary.org/obo/CL_1000849,https://github.com/hubmapconsortium/hra-hubmap-kpmp-integration,0.718537
http://identifiers.org/hgnc/17995,http://purl.org/ccf/ccf_characterizes,http://purl.obolibrary.org/obo/CL_1000849,https://github.com/hubmapconsortium/hra-hubmap-kpmp-integration,0.68233
http://identifiers.org/hgnc/18666,http://purl.org/ccf/ccf_characterizes,http://purl.obolibrary.org/obo/CL_1000849,https://github.com/hubmapconsortium/hra-hubmap-kpmp-integration,1.25363
http://identifiers.org/hgnc/1404,http://purl.org/ccf/ccf_characterizes,http://purl.obolibrary.org/obo/CL_1000849,https://github.com/hubmapconsortium/hra-hubmap-kpmp-integration,0.72677
http://identifiers.org/hgnc/6383,http://purl.org/ccf/ccf_characterizes,http://purl.obolibrary.org/obo/CL_1000849,https://github.com/hubmapconsortium/hra-hubmap-kpmp-integration,0.991175
http://identifiers.org/hgnc/35,http://purl.org/ccf/ccf_characterizes,http://purl.obolibrary.org/obo/CL_1000849,https://github.com/hubmapconsortium/hra-hubmap-kpmp-integration,0.931345
http://identifiers.org/hgnc/3229,http://purl.org/ccf/ccf_characterizes,http://purl.obolibrary.org/obo/CL_1000849,https://github.com/hubmapconsortium/hra-hubmap-kpmp-integration,1.207763
http://identifiers.org/hgnc/6262,http://purl.org/ccf/ccf_characterizes,http://purl.obolibrary.org/obo/CL_1000849,https://github.com/hubmapconsortium/hra-hubmap-kpmp-integration,1.335959
http://identifiers.org/hgnc/10588,http://purl.org/ccf/ccf_characterizes,http://purl.obolibrary.org/obo/CL_1000849,https://github.com/hubmapconsortium/hra-hubmap-kpmp-integration,0.834256
http://identifiers.org/hgnc/16951,http://purl.org/ccf/ccf_characterizes,http://purl.obolibrary.org/obo/CL_1000849,https://github.com/hubmapconsortium/hra-hubmap-kpmp-integration,1.04886
http://identifiers.org/hgnc/14544,http://purl.org/ccf/ccf_characterizes,http://purl.obolibrary.org/obo/CL_1000849,https://github.com/hubmapconsortium/hra-hubmap-kpmp-integration,0.618272
http://identifiers.org/hgnc/7001,http://purl.org/ccf/ccf_characterizes,http://purl.obolibrary.org/obo/CL_0000115,https://github.com/hubmapconsortium/hra-hubmap-kpmp-integration,3.058453
http://identifiers.org/hgnc/9675,http://purl.org/ccf/ccf_characterizes,http://purl.obolibrary.org/obo/CL_0000115,https://github.com/hubmapconsortium/hra-hubmap-kpmp-integration,3.058797
http://identifiers.org/hgnc/6533,http://purl.org/ccf/ccf_characterizes,http://purl.obolibrary.org/obo/CL_0000115,https://github.com/hubmapconsortium/hra-hubmap-kpmp-integration,3.134899
http://identifiers.org/hgnc/9665,http://purl.org/ccf/ccf_characterizes,http://purl.obolibrary.org/obo/CL_0000115,https://github.com/hubmapconsortium/hra-hubmap-kpmp-integration,2.389694
http://identifiers.org/hgnc/9671,http://purl.org/ccf/ccf_characterizes,http://purl.obolibrary.org/obo/CL_0000115,https://github.com/hubmapconsortium/hra-hubmap-kpmp-integration,3.06054
http://identifiers.org/hgnc/13427,http://purl.org/ccf/ccf_characterizes,http://purl.obolibrary.org/obo/CL_0000115,https://github.com/hubmapconsortium/hra-hubmap-kpmp-integration,2.49701
http://identifiers.org/hgnc/19192,http://purl.org/ccf/ccf_characterizes,http://purl.obolibrary.org/obo/CL_0000115,https://github.com/hubmapconsortium/hra-hubmap-kpmp-integration,2.36891
http://identifiers.org/hgnc/19343,http://purl.org/ccf/ccf_characterizes,http://purl.obolibrary.org/obo/CL_0000115,https://github.com/hubmapconsortium/hra-hubmap-kpmp-integration,2.201127
http://identifiers.org/hgnc/12635,http://purl.org/ccf/ccf_characterizes,http://purl.obolibrary.org/obo/CL_0000115,https://github.com/hubmapconsortium/hra-hubmap-kpmp-integration,2.570256
http://identifiers.org/hgnc/16041,http://purl.org/ccf/ccf_characterizes,http://purl.obolibrary.org/obo/CL_0000115,https://github.com/hubmapconsortium/hra-hubmap-kpmp-integration,2.392408
http://identifiers.org/hgnc/11642,http://purl.org/ccf/ccf_characterizes,http://purl.obolibrary.org/obo/CL_0000115,https://github.com/hubmapconsortium/hra-hubmap-kpmp-integration,2.038845
http://identifiers.org/hgnc/9228,http://purl.org/ccf/ccf_characterizes,http://purl.obolibrary.org/obo/CL_0000115,https://github.com/hubmapconsortium/hra-hubmap-kpmp-integration,2.601096
http://identifiers.org/hgnc/16286,http://purl.org/ccf/ccf_characterizes,http://purl.obolibrary.org/obo/CL_0000115,https://github.com/hubmapconsortium/hra-hubmap-kpmp-integration,1.849238
http://identifiers.org/hgnc/2720,http://purl.org/ccf/ccf_characterizes,http://purl.obolibrary.org/obo/CL_0000115,https://github.com/hubmapconsortium/hra-hubmap-kpmp-integration,1.95463
http://identifiers.org/hgnc/8632,http://purl.org/ccf/ccf_characterizes,http://purl.obolibrary.org/obo/CL_0000115,https://github.com/hubmapconsortium/hra-hubmap-kpmp-integration,2.534735
http://identifiers.org/hgnc/37190,http://purl.org/ccf/ccf_characterizes,http://purl.obolibrary.org/obo/CL_0000115,https://github.com/hubmapconsortium/hra-hubmap-kpmp-integration,2.44195
http://identifiers.org/hgnc/8823,http://purl.org/ccf/ccf_characterizes,http://purl.obolibrary.org/obo/CL_0000115,https://github.com/hubmapconsortium/hra-hubmap-kpmp-integration,1.741475
http://identifiers.org/hgnc/25945,http://purl.org/ccf/ccf_characterizes,http://purl.obolibrary.org/obo/CL_0000115,https://github.com/hubmapconsortium/hra-hubmap-kpmp-integration,2.679484
http://identifiers.org/hgnc/13604,http://purl.org/ccf/ccf_characterizes,http://purl.obolibrary.org/obo/CL_0000115,https://github.com/hubmapconsortium/hra-hubmap-kpmp-integration,1.870044
http://identifiers.org/hgnc/9874,http://purl.org/ccf/ccf_characterizes,http://purl.obolibrary.org/obo/CL_0000115,https://github.com/hubmapconsortium/hra-hubmap-kpmp-integration,2.036487
http://identifiers.org/hgnc/23405,http://purl.org/ccf/ccf_characterizes,http://purl.obolibrary.org/obo/CL_1000695,https://github.com/hubmapconsortium/hra-hubmap-kpmp-integration,2.839285
http://identifiers.org/hgnc/20653,http://purl.org/ccf/ccf_characterizes,http://purl.obolibrary.org/obo/CL_1000695,https://github.com/hubmapconsortium/hra-hubmap-kpmp-integration,2.044935
http://identifiers.org/hgnc/16286,http://purl.org/ccf/ccf_characterizes,http://purl.obolibrary.org/obo/CL_1000695,https://github.com/hubmapconsortium/hra-hubmap-kpmp-integration,1.973505
http://identifiers.org/hgnc/24886,http://purl.org/ccf/ccf_characterizes,http://purl.obolibrary.org/obo/CL_1000695,https://github.com/hubmapconsortium/hra-hubmap-kpmp-integration,2.167396
http://identifiers.org/hgnc/3531,http://purl.org/ccf/ccf_characterizes,http://purl.obolibrary.org/obo/CL_1000695,https://github.com/hubmapconsortium/hra-hubmap-kpmp-integration,2.089471
http://identifiers.org/hgnc/7228,http://purl.org/ccf/ccf_characterizes,http://purl.obolibrary.org/obo/CL_1000695,https://github.com/hubmapconsortium/hra-hubmap-kpmp-integration,1.920846
http://identifiers.org/hgnc/1928,http://purl.org/ccf/ccf_characterizes,http://purl.obolibrary.org/obo/CL_1000695,https://github.com/hubmapconsortium/hra-hubmap-kpmp-integration,2.055708
http://identifiers.org/hgnc/29114,http://purl.org/ccf/ccf_characterizes,http://purl.obolibrary.org/obo/CL_1000695,https://github.com/hubmapconsortium/hra-hubmap-kpmp-integration,2.0671
http://identifiers.org/hgnc/14881,http://purl.org/ccf/ccf_characterizes,http://purl.obolibrary.org/obo/CL_1000695,https://github.com/hubmapconsortium/hra-hubmap-kpmp-integration,1.926692
http://identifiers.org/hgnc/1224,http://purl.org/ccf/ccf_characterizes,http://purl.obolibrary.org/obo/CL_1000695,https://github.com/hubmapconsortium/hra-hubmap-kpmp-integration,1.989447
http://identifiers.org/hgnc/6181,http://purl.org/ccf/ccf_characterizes,http://purl.obolibrary.org/obo/CL_1000695,https://github.com/hubmapconsortium/hra-hubmap-kpmp-integration,2.244354
http://identifiers.org/hgnc/10962,http://purl.org/ccf/ccf_characterizes,http://purl.obolibrary.org/obo/CL_1000695,https://github.com/hubmapconsortium/hra-hubmap-kpmp-integration,1.548048
http://identifiers.org/hgnc/11609,http://purl.org/ccf/ccf_characterizes,http://purl.obolibrary.org/obo/CL_1000695,https://github.com/hubmapconsortium/hra-hubmap-kpmp-integration,1.551978
http://identifiers.org/hgnc/21013,http://purl.org/ccf/ccf_characterizes,http://purl.obolibrary.org/obo/CL_1000695,https://github.com/hubmapconsortium/hra-hubmap-kpmp-integration,2.117165
http://identifiers.org/hgnc/25491,http://purl.org/ccf/ccf_characterizes,http://purl.obolibrary.org/obo/CL_1000695,https://github.com/hubmapconsortium/hra-hubmap-kpmp-integration,1.884583
http://identifiers.org/hgnc/18628,http://purl.org/ccf/ccf_characterizes,http://purl.obolibrary.org/obo/CL_1000695,https://github.com/hubmapconsortium/hra-hubmap-kpmp-integration,1.510419
http://identifiers.org/hgnc/11068,http://purl.org/ccf/ccf_characterizes,http://purl.obolibrary.org/obo/CL_1000695,https://github.com/hubmapconsortium/hra-hubmap-kpmp-integration,1.79304
http://identifiers.org/hgnc/2988,http://purl.org/ccf/ccf_characterizes,http://purl.obolibrary.org/obo/CL_1000695,https://github.com/hubmapconsortium/hra-hubmap-kpmp-integration,1.313096
http://identifiers.org/hgnc/30358,http://purl.org/ccf/ccf_characterizes,http://purl.obolibrary.org/obo/CL_1000695,https://github.com/hubmapconsortium/hra-hubmap-kpmp-integration,2.105659
http://identifiers.org/hgnc/6996,http://purl.org/ccf/ccf_characterizes,http://purl.obolibrary.org/obo/CL_1000695,https://github.com/hubmapconsortium/hra-hubmap-kpmp-integration,1.490407
http://identifiers.org/hgnc/1346,http://purl.org/ccf/ccf_characterizes,http://purl.obolibrary.org/obo/CL_1000692,https://github.com/hubmapconsortium/hra-hubmap-kpmp-integration,1.81296
http://identifiers.org/hgnc/1441,http://purl.org/ccf/ccf_characterizes,http://purl.obolibrary.org/obo/CL_1000692,https://github.com/hubmapconsortium/hra-hubmap-kpmp-integration,1.650686
http://identifiers.org/hgnc/2705,http://purl.org/ccf/ccf_characterizes,http://purl.obolibrary.org/obo/CL_1000692,https://github.com/hubmapconsortium/hra-hubmap-kpmp-integration,1.289291
http://identifiers.org/hgnc/2198,http://purl.org/ccf/ccf_characterizes,http://purl.obolibrary.org/obo/CL_1000692,https://github.com/hubmapconsortium/hra-hubmap-kpmp-integration,1.089046
http://identifiers.org/hgnc/7000,http://purl.org/ccf/ccf_characterizes,http://purl.obolibrary.org/obo/CL_1000692,https://github.com/hubmapconsortium/hra-hubmap-kpmp-integration,0.931801
http://identifiers.org/hgnc/8803,http://purl.org/ccf/ccf_characterizes,http://purl.obolibrary.org/obo/CL_1000692,https://github.com/hubmapconsortium/hra-hubmap-kpmp-integration,0.843442
http://identifiers.org/hgnc/7060,http://purl.org/ccf/ccf_characterizes,http://purl.obolibrary.org/obo/CL_1000692,https://github.com/hubmapconsortium/hra-hubmap-kpmp-integration,1.437093
http://identifiers.org/hgnc/2201,http://purl.org/ccf/ccf_characterizes,http://purl.obolibrary.org/obo/CL_1000692,https://github.com/hubmapconsortium/hra-hubmap-kpmp-integration,0.91235
http://identifiers.org/hgnc/6134,http://purl.org/ccf/ccf_characterizes,http://purl.obolibrary.org/obo/CL_1000692,https://github.com/hubmapconsortium/hra-hubmap-kpmp-integration,0.994821
http://identifiers.org/hgnc/13010,http://purl.org/ccf/ccf_characterizes,http://purl.obolibrary.org/obo/CL_1000692,https://github.com/hubmapconsortium/hra-hubmap-kpmp-integration,0.900834
http://identifiers.org/hgnc/13427,http://purl.org/ccf/ccf_characterizes,http://purl.obolibrary.org/obo/CL_1000692,https://github.com/hubmapconsortium/hra-hubmap-kpmp-integration,1.253802
http://identifiers.org/hgnc/15985,http://purl.org/ccf/ccf_characterizes,http://purl.obolibrary.org/obo/CL_1000692,https://github.com/hubmapconsortium/hra-hubmap-kpmp-integration,0.646498
http://identifiers.org/hgnc/3600,http://purl.org/ccf/ccf_characterizes,http://purl.obolibrary.org/obo/CL_1000692,https://github.com/hubmapconsortium/hra-hubmap-kpmp-integration,0.888993
http://identifiers.org/hgnc/3602,http://purl.org/ccf/ccf_characterizes,http://purl.obolibrary.org/obo/CL_1000692,https://github.com/hubmapconsortium/hra-hubmap-kpmp-integration,0.694815
http://identifiers.org/hgnc/2197,http://purl.org/ccf/ccf_characterizes,http://purl.obolibrary.org/obo/CL_1000692,https://github.com/hubmapconsortium/hra-hubmap-kpmp-integration,0.813762
http://identifiers.org/hgnc/1750,http://purl.org/ccf/ccf_characterizes,http://purl.obolibrary.org/obo/CL_1000692,https://github.com/hubmapconsortium/hra-hubmap-kpmp-integration,0.610948
http://identifiers.org/hgnc/3126,http://purl.org/ccf/ccf_characterizes,http://purl.obolibrary.org/obo/CL_1000692,https://github.com/hubmapconsortium/hra-hubmap-kpmp-integration,0.828987
http://identifiers.org/hgnc/2213,http://purl.org/ccf/ccf_characterizes,http://purl.obolibrary.org/obo/CL_1000692,https://github.com/hubmapconsortium/hra-hubmap-kpmp-integration,0.6436
http://identifiers.org/hgnc/250,http://purl.org/ccf/ccf_characterizes,http://purl.obolibrary.org/obo/CL_1000692,https://github.com/hubmapconsortium/hra-hubmap-kpmp-integration,0.680701
http://identifiers.org/hgnc/11087,http://purl.org/ccf/ccf_characterizes,http://purl.obolibrary.org/obo/CL_1000692,https://github.com/hubmapconsortium/hra-hubmap-kpmp-integration,0.829039
http://identifiers.org/hgnc/10910,http://purl.org/ccf/ccf_characterizes,http://purl.obolibrary.org/obo/CL_1000909,https://github.com/hubmapconsortium/hra-hubmap-kpmp-integration,2.376418
http://identifiers.org/hgnc/12559,http://purl.org/ccf/ccf_characterizes,http://purl.obolibrary.org/obo/CL_1000909,https://github.com/hubmapconsortium/hra-hubmap-kpmp-integration,2.191325
http://identifiers.org/hgnc/4026,http://purl.org/ccf/ccf_characterizes,http://purl.obolibrary.org/obo/CL_1000909,https://github.com/hubmapconsortium/hra-hubmap-kpmp-integration,1.987186
http://identifiers.org/hgnc/804,http://purl.org/ccf/ccf_characterizes,http://purl.obolibrary.org/obo/CL_1000909,https://github.com/hubmapconsortium/hra-hubmap-kpmp-integration,2.351224
http://identifiers.org/hgnc/2026,http://purl.org/ccf/ccf_characterizes,http://purl.obolibrary.org/obo/CL_1000909,https://github.com/hubmapconsortium/hra-hubmap-kpmp-integration,0.745964
http://identifiers.org/hgnc/1645,http://purl.org/ccf/ccf_characterizes,http://purl.obolibrary.org/obo/CL_1000909,https://github.com/hubmapconsortium/hra-hubmap-kpmp-integration,1.350268
http://identifiers.org/hgnc/1357,http://purl.org/ccf/ccf_characterizes,http://purl.obolibrary.org/obo/CL_1000909,https://github.com/hubmapconsortium/hra-hubmap-kpmp-integration,0.578503
http://identifiers.org/hgnc/17084,http://purl.org/ccf/ccf_characterizes,http://purl.obolibrary.org/obo/CL_1000909,https://github.com/hubmapconsortium/hra-hubmap-kpmp-integration,2.276793
http://identifiers.org/hgnc/6383,http://purl.org/ccf/ccf_characterizes,http://purl.obolibrary.org/obo/CL_1000909,https://github.com/hubmapconsortium/hra-hubmap-kpmp-integration,0.657264
http://identifiers.org/hgnc/9286,http://purl.org/ccf/ccf_characterizes,http://purl.obolibrary.org/obo/CL_1000909,https://github.com/hubmapconsortium/hra-hubmap-kpmp-integration,0.394388
http://identifiers.org/hgnc/11255,http://purl.org/ccf/ccf_characterizes,http://purl.obolibrary.org/obo/CL_1000909,https://github.com/hubmapconsortium/hra-hubmap-kpmp-integration,1.183226
http://identifiers.org/hgnc/8051,http://purl.org/ccf/ccf_characterizes,http://purl.obolibrary.org/obo/CL_1000909,https://github.com/hubmapconsortium/hra-hubmap-kpmp-integration,0.799108
http://identifiers.org/hgnc/8630,http://purl.org/ccf/ccf_characterizes,http://purl.obolibrary.org/obo/CL_1000909,https://github.com/hubmapconsortium/hra-hubmap-kpmp-integration,1.33741
http://identifiers.org/hgnc/11033,http://purl.org/ccf/ccf_characterizes,http://purl.obolibrary.org/obo/CL_1000909,https://github.com/hubmapconsortium/hra-hubmap-kpmp-integration,0.752949
http://identifiers.org/hgnc/2389,http://purl.org/ccf/ccf_characterizes,http://purl.obolibrary.org/obo/CL_1000909,https://github.com/hubmapconsortium/hra-hubmap-kpmp-integration,0.721699
http://identifiers.org/hgnc/381,http://purl.org/ccf/ccf_characterizes,http://purl.obolibrary.org/obo/CL_1000909,https://github.com/hubmapconsortium/hra-hubmap-kpmp-integration,0.70307
http://identifiers.org/hgnc/6817,http://purl.org/ccf/ccf_characterizes,http://purl.obolibrary.org/obo/CL_1000909,https://github.com/hubmapconsortium/hra-hubmap-kpmp-integration,0.855758
http://identifiers.org/hgnc/5235,http://purl.org/ccf/ccf_characterizes,http://purl.obolibrary.org/obo/CL_1000909,https://github.com/hubmapconsortium/hra-hubmap-kpmp-integration,0.387417
http://identifiers.org/hgnc/8941,http://purl.org/ccf/ccf_characterizes,http://purl.obolibrary.org/obo/CL_1000909,https://github.com/hubmapconsortium/hra-hubmap-kpmp-integration,0.359257
http://identifiers.org/hgnc/6342,http://purl.org/ccf/ccf_characterizes,http://purl.obolibrary.org/obo/CL_0000097,https://github.com/hubmapconsortium/hra-hubmap-kpmp-integration,1.598477
http://identifiers.org/hgnc/7316,http://purl.org/ccf/ccf_characterizes,http://purl.obolibrary.org/obo/CL_0000097,https://github.com/hubmapconsortium/hra-hubmap-kpmp-integration,1.34093
http://identifiers.org/hgnc/5988,http://purl.org/ccf/ccf_characterizes,http://purl.obolibrary.org/obo/CL_0000097,https://github.com/hubmapconsortium/hra-hubmap-kpmp-integration,1.208439
http://identifiers.org/hgnc/14120,http://purl.org/ccf/ccf_characterizes,http://purl.obolibrary.org/obo/CL_0000097,https://github.com/hubmapconsortium/hra-hubmap-kpmp-integration,1.086372
http://identifiers.org/hgnc/10935,http://purl.org/ccf/ccf_characterizes,http://purl.obolibrary.org/obo/CL_0000097,https://github.com/hubmapconsortium/hra-hubmap-kpmp-integration,0.994399
http://identifiers.org/hgnc/4855,http://purl.org/ccf/ccf_characterizes,http://purl.obolibrary.org/obo/CL_0000097,https://github.com/hubmapconsortium/hra-hubmap-kpmp-integration,1.04745
http://identifiers.org/hgnc/2298,http://purl.org/ccf/ccf_characterizes,http://purl.obolibrary.org/obo/CL_0000097,https://github.com/hubmapconsortium/hra-hubmap-kpmp-integration,0.936054
http://identifiers.org/hgnc/12019,http://purl.org/ccf/ccf_characterizes,http://purl.obolibrary.org/obo/CL_0000097,https://github.com/hubmapconsortium/hra-hubmap-kpmp-integration,0.957476
http://identifiers.org/hgnc/10977,http://purl.org/ccf/ccf_characterizes,http://purl.obolibrary.org/obo/CL_0000097,https://github.com/hubmapconsortium/hra-hubmap-kpmp-integration,1.047506
http://identifiers.org/hgnc/18041,http://purl.org/ccf/ccf_characterizes,http://purl.obolibrary.org/obo/CL_0000097,https://github.com/hubmapconsortium/hra-hubmap-kpmp-integration,0.967442
http://identifiers.org/hgnc/4171,http://purl.org/ccf/ccf_characterizes,http://purl.obolibrary.org/obo/CL_0000097,https://github.com/hubmapconsortium/hra-hubmap-kpmp-integration,0.9785
http://identifiers.org/hgnc/8533,http://purl.org/ccf/ccf_characterizes,http://purl.obolibrary.org/obo/CL_0000097,https://github.com/hubmapconsortium/hra-hubmap-kpmp-integration,0.674958
http://identifiers.org/hgnc/17890,http://purl.org/ccf/ccf_characterizes,http://purl.obolibrary.org/obo/CL_0000097,https://github.com/hubmapconsortium/hra-hubmap-kpmp-integration,0.641336
http://identifiers.org/hgnc/2550,http://purl.org/ccf/ccf_characterizes,http://purl.obolibrary.org/obo/CL_0000097,https://github.com/hubmapconsortium/hra-hubmap-kpmp-integration,0.851422
http://identifiers.org/hgnc/10875,http://purl.org/ccf/ccf_characterizes,http://purl.obolibrary.org/obo/CL_0000097,https://github.com/hubmapconsortium/hra-hubmap-kpmp-integration,0.670123
http://identifiers.org/hgnc/4563,http://purl.org/ccf/ccf_characterizes,http://purl.obolibrary.org/obo/CL_0000097,https://github.com/hubmapconsortium/hra-hubmap-kpmp-integration,0.642267
http://identifiers.org/hgnc/21030,http://purl.org/ccf/ccf_characterizes,http://purl.obolibrary.org/obo/CL_0000097,https://github.com/hubmapconsortium/hra-hubmap-kpmp-integration,0.697334
http://identifiers.org/hgnc/14434,http://purl.org/ccf/ccf_characterizes,http://purl.obolibrary.org/obo/CL_0000097,https://github.com/hubmapconsortium/hra-hubmap-kpmp-integration,0.525135
http://identifiers.org/hgnc/11070,http://purl.org/ccf/ccf_characterizes,http://purl.obolibrary.org/obo/CL_0000097,https://github.com/hubmapconsortium/hra-hubmap-kpmp-integration,0.519234
http://identifiers.org/hgnc/10528,http://purl.org/ccf/ccf_characterizes,http://purl.obolibrary.org/obo/CL_0000097,https://github.com/hubmapconsortium/hra-hubmap-kpmp-integration,0.560561
http://identifiers.org/hgnc/9666,http://purl.org/ccf/ccf_characterizes,http://purl.obolibrary.org/obo/CL_0000576,https://github.com/hubmapconsortium/hra-hubmap-kpmp-integration,1.342962
http://identifiers.org/hgnc/7600,http://purl.org/ccf/ccf_characterizes,http://purl.obolibrary.org/obo/CL_0000576,https://github.com/hubmapconsortium/hra-hubmap-kpmp-integration,1.179131
http://identifiers.org/hgnc/2545,http://purl.org/ccf/ccf_characterizes,http://purl.obolibrary.org/obo/CL_0000576,https://github.com/hubmapconsortium/hra-hubmap-kpmp-integration,1.224911
http://identifiers.org/hgnc/11917,http://purl.org/ccf/ccf_characterizes,http://purl.obolibrary.org/obo/CL_0000576,https://github.com/hubmapconsortium/hra-hubmap-kpmp-integration,1.123222
http://identifiers.org/hgnc/548,http://purl.org/ccf/ccf_characterizes,http://purl.obolibrary.org/obo/CL_0000576,https://github.com/hubmapconsortium/hra-hubmap-kpmp-integration,1.136602
http://identifiers.org/hgnc/14881,http://purl.org/ccf/ccf_characterizes,http://purl.obolibrary.org/obo/CL_0000576,https://github.com/hubmapconsortium/hra-hubmap-kpmp-integration,1.43577
http://identifiers.org/hgnc/6735,http://purl.org/ccf/ccf_characterizes,http://purl.obolibrary.org/obo/CL_0000576,https://github.com/hubmapconsortium/hra-hubmap-kpmp-integration,1.222002
http://identifiers.org/hgnc/9213,http://purl.org/ccf/ccf_characterizes,http://purl.obolibrary.org/obo/CL_0000576,https://github.com/hubmapconsortium/hra-hubmap-kpmp-integration,1.041477
http://identifiers.org/hgnc/9395,http://purl.org/ccf/ccf_characterizes,http://purl.obolibrary.org/obo/CL_0000576,https://github.com/hubmapconsortium/hra-hubmap-kpmp-integration,1.086243
http://identifiers.org/hgnc/11609,http://purl.org/ccf/ccf_characterizes,http://purl.obolibrary.org/obo/CL_0000576,https://github.com/hubmapconsortium/hra-hubmap-kpmp-integration,1.061665
http://identifiers.org/hgnc/2988,http://purl.org/ccf/ccf_characterizes,http://purl.obolibrary.org/obo/CL_0000576,https://github.com/hubmapconsortium/hra-hubmap-kpmp-integration,0.977618
http://identifiers.org/hgnc/15925,http://purl.org/ccf/ccf_characterizes,http://purl.obolibrary.org/obo/CL_0000576,https://github.com/hubmapconsortium/hra-hubmap-kpmp-integration,0.963551
http://identifiers.org/hgnc/4036,http://purl.org/ccf/ccf_characterizes,http://purl.obolibrary.org/obo/CL_0000576,https://github.com/hubmapconsortium/hra-hubmap-kpmp-integration,0.97534
http://identifiers.org/hgnc/3623,http://purl.org/ccf/ccf_characterizes,http://purl.obolibrary.org/obo/CL_0000576,https://github.com/hubmapconsortium/hra-hubmap-kpmp-integration,0.89722
http://identifiers.org/hgnc/2550,http://purl.org/ccf/ccf_characterizes,http://purl.obolibrary.org/obo/CL_0000576,https://github.com/hubmapconsortium/hra-hubmap-kpmp-integration,1.129477
http://identifiers.org/hgnc/14189,http://purl.org/ccf/ccf_characterizes,http://purl.obolibrary.org/obo/CL_0000576,https://github.com/hubmapconsortium/hra-hubmap-kpmp-integration,0.813643
http://identifiers.org/hgnc/18304,http://purl.org/ccf/ccf_characterizes,http://purl.obolibrary.org/obo/CL_0000576,https://github.com/hubmapconsortium/hra-hubmap-kpmp-integration,0.98411
http://identifiers.org/hgnc/4840,http://purl.org/ccf/ccf_characterizes,http://purl.obolibrary.org/obo/CL_0000576,https://github.com/hubmapconsortium/hra-hubmap-kpmp-integration,0.803677
http://identifiers.org/hgnc/11068,http://purl.org/ccf/ccf_characterizes,http://purl.obolibrary.org/obo/CL_0000576,https://github.com/hubmapconsortium/hra-hubmap-kpmp-integration,1.386743
http://identifiers.org/hgnc/3012,http://purl.org/ccf/ccf_characterizes,http://purl.obolibrary.org/obo/CL_0000576,https://github.com/hubmapconsortium/hra-hubmap-kpmp-integration,1.266343
http://identifiers.org/hgnc/11068,http://purl.org/ccf/ccf_characterizes,http://purl.obolibrary.org/obo/CL_0000113,https://github.com/hubmapconsortium/hra-hubmap-kpmp-integration,2.502133
http://identifiers.org/hgnc/16286,http://purl.org/ccf/ccf_characterizes,http://purl.obolibrary.org/obo/CL_0000113,https://github.com/hubmapconsortium/hra-hubmap-kpmp-integration,2.133283
http://identifiers.org/hgnc/21013,http://purl.org/ccf/ccf_characterizes,http://purl.obolibrary.org/obo/CL_0000113,https://github.com/hubmapconsortium/hra-hubmap-kpmp-integration,2.716432
http://identifiers.org/hgnc/23405,http://purl.org/ccf/ccf_characterizes,http://purl.obolibrary.org/obo/CL_0000113,https://github.com/hubmapconsortium/hra-hubmap-kpmp-integration,2.640243
http://identifiers.org/hgnc/17422,http://purl.org/ccf/ccf_characterizes,http://purl.obolibrary.org/obo/CL_0000113,https://github.com/hubmapconsortium/hra-hubmap-kpmp-integration,1.924609
http://identifiers.org/hgnc/1928,http://purl.org/ccf/ccf_characterizes,http://purl.obolibrary.org/obo/CL_0000113,https://github.com/hubmapconsortium/hra-hubmap-kpmp-integration,2.128053
http://identifiers.org/hgnc/2550,http://purl.org/ccf/ccf_characterizes,http://purl.obolibrary.org/obo/CL_0000113,https://github.com/hubmapconsortium/hra-hubmap-kpmp-integration,1.95952
http://identifiers.org/hgnc/6923,http://purl.org/ccf/ccf_characterizes,http://purl.obolibrary.org/obo/CL_0000113,https://github.com/hubmapconsortium/hra-hubmap-kpmp-integration,2.272098
http://identifiers.org/hgnc/1224,http://purl.org/ccf/ccf_characterizes,http://purl.obolibrary.org/obo/CL_0000113,https://github.com/hubmapconsortium/hra-hubmap-kpmp-integration,2.042323
http://identifiers.org/hgnc/19341,http://purl.org/ccf/ccf_characterizes,http://purl.obolibrary.org/obo/CL_0000113,https://github.com/hubmapconsortium/hra-hubmap-kpmp-integration,1.756731
http://identifiers.org/hgnc/21030,http://purl.org/ccf/ccf_characterizes,http://purl.obolibrary.org/obo/CL_0000113,https://github.com/hubmapconsortium/hra-hubmap-kpmp-integration,1.677193
http://identifiers.org/hgnc/548,http://purl.org/ccf/ccf_characterizes,http://purl.obolibrary.org/obo/CL_0000113,https://github.com/hubmapconsortium/hra-hubmap-kpmp-integration,1.753799
http://identifiers.org/hgnc/3012,http://purl.org/ccf/ccf_characterizes,http://purl.obolibrary.org/obo/CL_0000113,https://github.com/hubmapconsortium/hra-hubmap-kpmp-integration,1.970334
http://identifiers.org/hgnc/7067,http://purl.org/ccf/ccf_characterizes,http://purl.obolibrary.org/obo/CL_0000113,https://github.com/hubmapconsortium/hra-hubmap-kpmp-integration,1.558641
http://identifiers.org/hgnc/25259,http://purl.org/ccf/ccf_characterizes,http://purl.obolibrary.org/obo/CL_0000113,https://github.com/hubmapconsortium/hra-hubmap-kpmp-integration,1.63447
http://identifiers.org/hgnc/14065,http://purl.org/ccf/ccf_characterizes,http://purl.obolibrary.org/obo/CL_0000113,https://github.com/hubmapconsortium/hra-hubmap-kpmp-integration,1.778993
http://identifiers.org/hgnc/19191,http://purl.org/ccf/ccf_characterizes,http://purl.obolibrary.org/obo/CL_0000113,https://github.com/hubmapconsortium/hra-hubmap-kpmp-integration,1.669626
http://identifiers.org/hgnc/11609,http://purl.org/ccf/ccf_characterizes,http://purl.obolibrary.org/obo/CL_0000113,https://github.com/hubmapconsortium/hra-hubmap-kpmp-integration,1.571802
http://identifiers.org/hgnc/1309,http://purl.org/ccf/ccf_characterizes,http://purl.obolibrary.org/obo/CL_0000113,https://github.com/hubmapconsortium/hra-hubmap-kpmp-integration,1.853276
http://identifiers.org/hgnc/14881,http://purl.org/ccf/ccf_characterizes,http://purl.obolibrary.org/obo/CL_0000113,https://github.com/hubmapconsortium/hra-hubmap-kpmp-integration,1.763962
http://identifiers.org/hgnc/10499,http://purl.org/ccf/ccf_characterizes,http://purl.obolibrary.org/obo/CL_0000775,https://github.com/hubmapconsortium/hra-hubmap-kpmp-integration,2.643388
http://identifiers.org/hgnc/914,http://purl.org/ccf/ccf_characterizes,http://purl.obolibrary.org/obo/CL_0000775,https://github.com/hubmapconsortium/hra-hubmap-kpmp-integration,3.003576
http://identifiers.org/hgnc/10498,http://purl.org/ccf/ccf_characterizes,http://purl.obolibrary.org/obo/CL_0000775,https://github.com/hubmapconsortium/hra-hubmap-kpmp-integration,2.323873
http://identifiers.org/hgnc/5413,http://purl.org/ccf/ccf_characterizes,http://purl.obolibrary.org/obo/CL_0000775,https://github.com/hubmapconsortium/hra-hubmap-kpmp-integration,2.033367
http://identifiers.org/hgnc/30092,http://purl.org/ccf/ccf_characterizes,http://purl.obolibrary.org/obo/CL_0000775,https://github.com/hubmapconsortium/hra-hubmap-kpmp-integration,2.135286
http://identifiers.org/hgnc/3620,http://purl.org/ccf/ccf_characterizes,http://purl.obolibrary.org/obo/CL_0000775,https://github.com/hubmapconsortium/hra-hubmap-kpmp-integration,1.684362
http://identifiers.org/hgnc/2439,http://purl.org/ccf/ccf_characterizes,http://purl.obolibrary.org/obo/CL_0000775,https://github.com/hubmapconsortium/hra-hubmap-kpmp-integration,1.723928
http://identifiers.org/hgnc/9361,http://purl.org/ccf/ccf_characterizes,http://purl.obolibrary.org/obo/CL_0000775,https://github.com/hubmapconsortium/hra-hubmap-kpmp-integration,1.799594
http://identifiers.org/hgnc/13872,http://purl.org/ccf/ccf_characterizes,http://purl.obolibrary.org/obo/CL_0000775,https://github.com/hubmapconsortium/hra-hubmap-kpmp-integration,1.811895
http://identifiers.org/hgnc/9666,http://purl.org/ccf/ccf_characterizes,http://purl.obolibrary.org/obo/CL_0000775,https://github.com/hubmapconsortium/hra-hubmap-kpmp-integration,1.637665
http://identifiers.org/hgnc/6735,http://purl.org/ccf/ccf_characterizes,http://purl.obolibrary.org/obo/CL_0000775,https://github.com/hubmapconsortium/hra-hubmap-kpmp-integration,1.631818
http://identifiers.org/hgnc/7183,http://purl.org/ccf/ccf_characterizes,http://purl.obolibrary.org/obo/CL_0000775,https://github.com/hubmapconsortium/hra-hubmap-kpmp-integration,1.390219
http://identifiers.org/hgnc/17073,http://purl.org/ccf/ccf_characterizes,http://purl.obolibrary.org/obo/CL_0000775,https://github.com/hubmapconsortium/hra-hubmap-kpmp-integration,1.803245
http://identifiers.org/hgnc/7600,http://purl.org/ccf/ccf_characterizes,http://purl.obolibrary.org/obo/CL_0000775,https://github.com/hubmapconsortium/hra-hubmap-kpmp-integration,1.327904
http://identifiers.org/hgnc/21030,http://purl.org/ccf/ccf_characterizes,http://purl.obolibrary.org/obo/CL_0000775,https://github.com/hubmapconsortium/hra-hubmap-kpmp-integration,1.434594
http://identifiers.org/hgnc/16841,http://purl.org/ccf/ccf_characterizes,http://purl.obolibrary.org/obo/CL_0000775,https://github.com/hubmapconsortium/hra-hubmap-kpmp-integration,1.590822
http://identifiers.org/hgnc/29090,http://purl.org/ccf/ccf_characterizes,http://purl.obolibrary.org/obo/CL_0000775,https://github.com/hubmapconsortium/hra-hubmap-kpmp-integration,1.69839
http://identifiers.org/hgnc/16784,http://purl.org/ccf/ccf_characterizes,http://purl.obolibrary.org/obo/CL_0000775,https://github.com/hubmapconsortium/hra-hubmap-kpmp-integration,1.251858
http://identifiers.org/hgnc/2545,http://purl.org/ccf/ccf_characterizes,http://purl.obolibrary.org/obo/CL_0000775,https://github.com/hubmapconsortium/hra-hubmap-kpmp-integration,1.110092
http://identifiers.org/hgnc/11185,http://purl.org/ccf/ccf_characterizes,http://purl.obolibrary.org/obo/CL_0000775,https://github.com/hubmapconsortium/hra-hubmap-kpmp-integration,1.556682
http://identifiers.org/hgnc/10372,http://purl.org/ccf/ccf_characterizes,http://purl.obolibrary.org/obo/CL_1000597,https://github.com/hubmapconsortium/hra-hubmap-kpmp-integration,4.289034
http://identifiers.org/hgnc/10496,http://purl.org/ccf/ccf_characterizes,http://purl.obolibrary.org/obo/CL_1000597,https://github.com/hubmapconsortium/hra-hubmap-kpmp-integration,4.026782
http://identifiers.org/hgnc/11244,http://purl.org/ccf/ccf_characterizes,http://purl.obolibrary.org/obo/CL_1000597,https://github.com/hubmapconsortium/hra-hubmap-kpmp-integration,3.186292
http://identifiers.org/hgnc/10303,http://purl.org/ccf/ccf_characterizes,http://purl.obolibrary.org/obo/CL_1000597,https://github.com/hubmapconsortium/hra-hubmap-kpmp-integration,3.871862
http://identifiers.org/hgnc/10401,http://purl.org/ccf/ccf_characterizes,http://purl.obolibrary.org/obo/CL_1000597,https://github.com/hubmapconsortium/hra-hubmap-kpmp-integration,3.508664
http://identifiers.org/hgnc/18349,http://purl.org/ccf/ccf_characterizes,http://purl.obolibrary.org/obo/CL_1000597,https://github.com/hubmapconsortium/hra-hubmap-kpmp-integration,2.892945
http://identifiers.org/hgnc/6436,http://purl.org/ccf/ccf_characterizes,http://purl.obolibrary.org/obo/CL_1000597,https://github.com/hubmapconsortium/hra-hubmap-kpmp-integration,3.01322
http://identifiers.org/hgnc/10332,http://purl.org/ccf/ccf_characterizes,http://purl.obolibrary.org/obo/CL_1000597,https://github.com/hubmapconsortium/hra-hubmap-kpmp-integration,3.184636
http://identifiers.org/hgnc/10301,http://purl.org/ccf/ccf_characterizes,http://purl.obolibrary.org/obo/CL_1000597,https://github.com/hubmapconsortium/hra-hubmap-kpmp-integration,3.028597
http://identifiers.org/hgnc/10330,http://purl.org/ccf/ccf_characterizes,http://purl.obolibrary.org/obo/CL_1000597,https://github.com/hubmapconsortium/hra-hubmap-kpmp-integration,2.867735
http://identifiers.org/hgnc/10404,http://purl.org/ccf/ccf_characterizes,http://purl.obolibrary.org/obo/CL_1000597,https://github.com/hubmapconsortium/hra-hubmap-kpmp-integration,2.897939
http://identifiers.org/hgnc/24043,http://purl.org/ccf/ccf_characterizes,http://purl.obolibrary.org/obo/CL_1000597,https://github.com/hubmapconsortium/hra-hubmap-kpmp-integration,2.365033
http://identifiers.org/hgnc/10298,http://purl.org/ccf/ccf_characterizes,http://purl.obolibrary.org/obo/CL_1000597,https://github.com/hubmapconsortium/hra-hubmap-kpmp-integration,2.874613
http://identifiers.org/hgnc/10411,http://purl.org/ccf/ccf_characterizes,http://purl.obolibrary.org/obo/CL_1000597,https://github.com/hubmapconsortium/hra-hubmap-kpmp-integration,2.91599
http://identifiers.org/hgnc/10333,http://purl.org/ccf/ccf_characterizes,http://purl.obolibrary.org/obo/CL_1000597,https://github.com/hubmapconsortium/hra-hubmap-kpmp-integration,2.645104
http://identifiers.org/hgnc/10417,http://purl.org/ccf/ccf_characterizes,http://purl.obolibrary.org/obo/CL_1000597,https://github.com/hubmapconsortium/hra-hubmap-kpmp-integration,2.847223
http://identifiers.org/hgnc/10424,http://purl.org/ccf/ccf_characterizes,http://purl.obolibrary.org/obo/CL_1000597,https://github.com/hubmapconsortium/hra-hubmap-kpmp-integration,2.728976
http://identifiers.org/hgnc/10364,http://purl.org/ccf/ccf_characterizes,http://purl.obolibrary.org/obo/CL_1000597,https://github.com/hubmapconsortium/hra-hubmap-kpmp-integration,2.762835
http://identifiers.org/hgnc/10488,http://purl.org/ccf/ccf_characterizes,http://purl.obolibrary.org/obo/CL_1000597,https://github.com/hubmapconsortium/hra-hubmap-kpmp-integration,2.320386
http://identifiers.org/hgnc/10387,http://purl.org/ccf/ccf_characterizes,http://purl.obolibrary.org/obo/CL_1000597,https://github.com/hubmapconsortium/hra-hubmap-kpmp-integration,2.8298
http://identifiers.org/hgnc/15472,http://purl.org/ccf/ccf_characterizes,http://purl.obolibrary.org/obo/CL_1000452,https://github.com/hubmapconsortium/hra-hubmap-kpmp-integration,1.487381
http://identifiers.org/hgnc/50753,http://purl.org/ccf/ccf_characterizes,http://purl.obolibrary.org/obo/CL_1000452,https://github.com/hubmapconsortium/hra-hubmap-kpmp-integration,1.086091
http://identifiers.org/hgnc/18222,http://purl.org/ccf/ccf_characterizes,http://purl.obolibrary.org/obo/CL_1000452,https://github.com/hubmapconsortium/hra-hubmap-kpmp-integration,1.426741
http://identifiers.org/hgnc/25491,http://purl.org/ccf/ccf_characterizes,http://purl.obolibrary.org/obo/CL_1000452,https://github.com/hubmapconsortium/hra-hubmap-kpmp-integration,1.42195
http://identifiers.org/hgnc/16700,http://purl.org/ccf/ccf_characterizes,http://purl.obolibrary.org/obo/CL_1000452,https://github.com/hubmapconsortium/hra-hubmap-kpmp-integration,0.785234
http://identifiers.org/hgnc/11087,http://purl.org/ccf/ccf_characterizes,http://purl.obolibrary.org/obo/CL_1000452,https://github.com/hubmapconsortium/hra-hubmap-kpmp-integration,0.993033
http://identifiers.org/hgnc/7999,http://purl.org/ccf/ccf_characterizes,http://purl.obolibrary.org/obo/CL_1000452,https://github.com/hubmapconsortium/hra-hubmap-kpmp-integration,0.986207
http://identifiers.org/hgnc/4883,http://purl.org/ccf/ccf_characterizes,http://purl.obolibrary.org/obo/CL_1000452,https://github.com/hubmapconsortium/hra-hubmap-kpmp-integration,0.789988
http://identifiers.org/hgnc/18866,http://purl.org/ccf/ccf_characterizes,http://purl.obolibrary.org/obo/CL_1000452,https://github.com/hubmapconsortium/hra-hubmap-kpmp-integration,0.668571
http://identifiers.org/hgnc/13010,http://purl.org/ccf/ccf_characterizes,http://purl.obolibrary.org/obo/CL_1000452,https://github.com/hubmapconsortium/hra-hubmap-kpmp-integration,0.877191
http://identifiers.org/hgnc/29944,http://purl.org/ccf/ccf_characterizes,http://purl.obolibrary.org/obo/CL_1000452,https://github.com/hubmapconsortium/hra-hubmap-kpmp-integration,0.736807
http://identifiers.org/hgnc/29075,http://purl.org/ccf/ccf_characterizes,http://purl.obolibrary.org/obo/CL_1000452,https://github.com/hubmapconsortium/hra-hubmap-kpmp-integration,0.674862
http://identifiers.org/hgnc/17089,http://purl.org/ccf/ccf_characterizes,http://purl.obolibrary.org/obo/CL_1000452,https://github.com/hubmapconsortium/hra-hubmap-kpmp-integration,1.844289
http://identifiers.org/hgnc/6286,http://purl.org/ccf/ccf_characterizes,http://purl.obolibrary.org/obo/CL_1000452,https://github.com/hubmapconsortium/hra-hubmap-kpmp-integration,0.718752
http://identifiers.org/hgnc/8774,http://purl.org/ccf/ccf_characterizes,http://purl.obolibrary.org/obo/CL_1000452,https://github.com/hubmapconsortium/hra-hubmap-kpmp-integration,1.341931
http://identifiers.org/hgnc/1049,http://purl.org/ccf/ccf_characterizes,http://purl.obolibrary.org/obo/CL_1000452,https://github.com/hubmapconsortium/hra-hubmap-kpmp-integration,0.984364
http://identifiers.org/hgnc/16395,http://purl.org/ccf/ccf_characterizes,http://purl.obolibrary.org/obo/CL_1000452,https://github.com/hubmapconsortium/hra-hubmap-kpmp-integration,1.022198
http://identifiers.org/hgnc/6156,http://purl.org/ccf/ccf_characterizes,http://purl.obolibrary.org/obo/CL_1000452,https://github.com/hubmapconsortium/hra-hubmap-kpmp-integration,0.608361
http://identifiers.org/hgnc/13604,http://purl.org/ccf/ccf_characterizes,http://purl.obolibrary.org/obo/CL_1000452,https://github.com/hubmapconsortium/hra-hubmap-kpmp-integration,0.835968
http://identifiers.org/hgnc/15679,http://purl.org/ccf/ccf_characterizes,http://purl.obolibrary.org/obo/CL_1000452,https://github.com/hubmapconsortium/hra-hubmap-kpmp-integration,0.764947
http://identifiers.org/hgnc/16712,http://purl.org/ccf/ccf_characterizes,http://purl.obolibrary.org/obo/CL_0000786,https://github.com/hubmapconsortium/hra-hubmap-kpmp-integration,2.059389
http://identifiers.org/hgnc/24670,http://purl.org/ccf/ccf_characterizes,http://purl.obolibrary.org/obo/CL_0000786,https://github.com/hubmapconsortium/hra-hubmap-kpmp-integration,2.338082
http://identifiers.org/hgnc/5716,http://purl.org/ccf/ccf_characterizes,http://purl.obolibrary.org/obo/CL_0000786,https://github.com/hubmapconsortium/hra-hubmap-kpmp-integration,2.666133
http://identifiers.org/hgnc/21073,http://purl.org/ccf/ccf_characterizes,http://purl.obolibrary.org/obo/CL_0000786,https://github.com/hubmapconsortium/hra-hubmap-kpmp-integration,1.554325
http://identifiers.org/hgnc/43910,http://purl.org/ccf/ccf_characterizes,http://purl.obolibrary.org/obo/CL_0000786,https://github.com/hubmapconsortium/hra-hubmap-kpmp-integration,1.486294
http://identifiers.org/hgnc/28338,http://purl.org/ccf/ccf_characterizes,http://purl.obolibrary.org/obo/CL_0000786,https://github.com/hubmapconsortium/hra-hubmap-kpmp-integration,1.623722
http://identifiers.org/hgnc/23720,http://purl.org/ccf/ccf_characterizes,http://purl.obolibrary.org/obo/CL_0000786,https://github.com/hubmapconsortium/hra-hubmap-kpmp-integration,1.637552
http://identifiers.org/hgnc/18713,http://purl.org/ccf/ccf_characterizes,http://purl.obolibrary.org/obo/CL_0000786,https://github.com/hubmapconsortium/hra-hubmap-kpmp-integration,1.622128
http://identifiers.org/hgnc/18650,http://purl.org/ccf/ccf_characterizes,http://purl.obolibrary.org/obo/CL_0000786,https://github.com/hubmapconsortium/hra-hubmap-kpmp-integration,1.4845
http://identifiers.org/hgnc/29114,http://purl.org/ccf/ccf_characterizes,http://purl.obolibrary.org/obo/CL_0000786,https://github.com/hubmapconsortium/hra-hubmap-kpmp-integration,1.655003
http://identifiers.org/hgnc/5527,http://purl.org/ccf/ccf_characterizes,http://purl.obolibrary.org/obo/CL_0000786,https://github.com/hubmapconsortium/hra-hubmap-kpmp-integration,1.702799
http://identifiers.org/hgnc/12799,http://purl.org/ccf/ccf_characterizes,http://purl.obolibrary.org/obo/CL_0000786,https://github.com/hubmapconsortium/hra-hubmap-kpmp-integration,2.141804
http://identifiers.org/hgnc/10860,http://purl.org/ccf/ccf_characterizes,http://purl.obolibrary.org/obo/CL_0000786,https://github.com/hubmapconsortium/hra-hubmap-kpmp-integration,1.599543
http://identifiers.org/hgnc/4410,http://purl.org/ccf/ccf_characterizes,http://purl.obolibrary.org/obo/CL_0000786,https://github.com/hubmapconsortium/hra-hubmap-kpmp-integration,1.321598
http://identifiers.org/hgnc/29108,http://purl.org/ccf/ccf_characterizes,http://purl.obolibrary.org/obo/CL_0000786,https://github.com/hubmapconsortium/hra-hubmap-kpmp-integration,1.216876
http://identifiers.org/hgnc/22962,http://purl.org/ccf/ccf_characterizes,http://purl.obolibrary.org/obo/CL_0000786,https://github.com/hubmapconsortium/hra-hubmap-kpmp-integration,1.814326
http://identifiers.org/hgnc/4019,http://purl.org/ccf/ccf_characterizes,http://purl.obolibrary.org/obo/CL_0000786,https://github.com/hubmapconsortium/hra-hubmap-kpmp-integration,1.360474
http://identifiers.org/hgnc/24712,http://purl.org/ccf/ccf_characterizes,http://purl.obolibrary.org/obo/CL_0000786,https://github.com/hubmapconsortium/hra-hubmap-kpmp-integration,1.024988
http://identifiers.org/hgnc/9066,http://purl.org/ccf/ccf_characterizes,http://purl.obolibrary.org/obo/CL_0000786,https://github.com/hubmapconsortium/hra-hubmap-kpmp-integration,1.436187
http://identifiers.org/hgnc/20296,http://purl.org/ccf/ccf_characterizes,http://purl.obolibrary.org/obo/CL_0000786,https://github.com/hubmapconsortium/hra-hubmap-kpmp-integration,1.588138
http://identifiers.org/hgnc/9042,http://purl.org/ccf/ccf_characterizes,http://purl.obolibrary.org/obo/CL_0000653,https://github.com/hubmapconsortium/hra-hubmap-kpmp-integration,2.943522
http://identifiers.org/hgnc/9171,http://purl.org/ccf/ccf_characterizes,http://purl.obolibrary.org/obo/CL_0000653,https://github.com/hubmapconsortium/hra-hubmap-kpmp-integration,2.635105
http://identifiers.org/hgnc/9678,http://purl.org/ccf/ccf_characterizes,http://purl.obolibrary.org/obo/CL_0000653,https://github.com/hubmapconsortium/hra-hubmap-kpmp-integration,2.885901
http://identifiers.org/hgnc/7908,http://purl.org/ccf/ccf_characterizes,http://purl.obolibrary.org/obo/CL_0000653,https://github.com/hubmapconsortium/hra-hubmap-kpmp-integration,2.116734
http://identifiers.org/hgnc/9679,http://purl.org/ccf/ccf_characterizes,http://purl.obolibrary.org/obo/CL_0000653,https://github.com/hubmapconsortium/hra-hubmap-kpmp-integration,2.517682
http://identifiers.org/hgnc/7154,http://purl.org/ccf/ccf_characterizes,http://purl.obolibrary.org/obo/CL_0000653,https://github.com/hubmapconsortium/hra-hubmap-kpmp-integration,2.130287
http://identifiers.org/hgnc/13394,http://purl.org/ccf/ccf_characterizes,http://purl.obolibrary.org/obo/CL_0000653,https://github.com/hubmapconsortium/hra-hubmap-kpmp-integration,1.837566
http://identifiers.org/hgnc/17175,http://purl.org/ccf/ccf_characterizes,http://purl.obolibrary.org/obo/CL_0000653,https://github.com/hubmapconsortium/hra-hubmap-kpmp-integration,1.857548
http://identifiers.org/hgnc/40862,http://purl.org/ccf/ccf_characterizes,http://purl.obolibrary.org/obo/CL_0000653,https://github.com/hubmapconsortium/hra-hubmap-kpmp-integration,1.786013
http://identifiers.org/hgnc/12680,http://purl.org/ccf/ccf_characterizes,http://purl.obolibrary.org/obo/CL_0000653,https://github.com/hubmapconsortium/hra-hubmap-kpmp-integration,2.070876
http://identifiers.org/hgnc/13517,http://purl.org/ccf/ccf_characterizes,http://purl.obolibrary.org/obo/CL_0000653,https://github.com/hubmapconsortium/hra-hubmap-kpmp-integration,1.827247
http://identifiers.org/hgnc/20605,http://purl.org/ccf/ccf_characterizes,http://purl.obolibrary.org/obo/CL_0000653,https://github.com/hubmapconsortium/hra-hubmap-kpmp-integration,1.723572
http://identifiers.org/hgnc/29866,http://purl.org/ccf/ccf_characterizes,http://purl.obolibrary.org/obo/CL_0000653,https://github.com/hubmapconsortium/hra-hubmap-kpmp-integration,1.597125
http://identifiers.org/hgnc/23319,http://purl.org/ccf/ccf_characterizes,http://purl.obolibrary.org/obo/CL_0000653,https://github.com/hubmapconsortium/hra-hubmap-kpmp-integration,1.725321
http://identifiers.org/hgnc/19343,http://purl.org/ccf/ccf_characterizes,http://purl.obolibrary.org/obo/CL_0000653,https://github.com/hubmapconsortium/hra-hubmap-kpmp-integration,2.15931
http://identifiers.org/hgnc/11774,http://purl.org/ccf/ccf_characterizes,http://purl.obolibrary.org/obo/CL_0000653,https://github.com/hubmapconsortium/hra-hubmap-kpmp-integration,1.631765
http://identifiers.org/hgnc/18957,http://purl.org/ccf/ccf_characterizes,http://purl.obolibrary.org/obo/CL_0000653,https://github.com/hubmapconsortium/hra-hubmap-kpmp-integration,3.058971
http://identifiers.org/hgnc/2663,http://purl.org/ccf/ccf_characterizes,http://purl.obolibrary.org/obo/CL_0000653,https://github.com/hubmapconsortium/hra-hubmap-kpmp-integration,1.9997
http://identifiers.org/hgnc/11251,http://purl.org/ccf/ccf_characterizes,http://purl.obolibrary.org/obo/CL_0000653,https://github.com/hubmapconsortium/hra-hubmap-kpmp-integration,1.464643
http://identifiers.org/hgnc/6111,http://purl.org/ccf/ccf_characterizes,http://purl.obolibrary.org/obo/CL_0000653,https://github.com/hubmapconsortium/hra-hubmap-kpmp-integration,1.587381
http://identifiers.org/hgnc/32017,http://purl.org/ccf/ccf_characterizes,http://purl.obolibrary.org/obo/CL_0002306,https://github.com/hubmapconsortium/hra-hubmap-kpmp-integration,2.461064
http://identifiers.org/hgnc/6694,http://purl.org/ccf/ccf_characterizes,http://purl.obolibrary.org/obo/CL_0002306,https://github.com/hubmapconsortium/hra-hubmap-kpmp-integration,2.341904
http://identifiers.org/hgnc/30931,http://purl.org/ccf/ccf_characterizes,http://purl.obolibrary.org/obo/CL_0002306,https://github.com/hubmapconsortium/hra-hubmap-kpmp-integration,2.216702
http://identifiers.org/hgnc/2548,http://purl.org/ccf/ccf_characterizes,http://purl.obolibrary.org/obo/CL_0002306,https://github.com/hubmapconsortium/hra-hubmap-kpmp-integration,2.357839
http://identifiers.org/hgnc/17224,http://purl.org/ccf/ccf_characterizes,http://purl.obolibrary.org/obo/CL_0002306,https://github.com/hubmapconsortium/hra-hubmap-kpmp-integration,1.82517
http://identifiers.org/hgnc/10929,http://purl.org/ccf/ccf_characterizes,http://purl.obolibrary.org/obo/CL_0002306,https://github.com/hubmapconsortium/hra-hubmap-kpmp-integration,1.433087
http://identifiers.org/hgnc/4555,http://purl.org/ccf/ccf_characterizes,http://purl.obolibrary.org/obo/CL_0002306,https://github.com/hubmapconsortium/hra-hubmap-kpmp-integration,2.221934
http://identifiers.org/hgnc/28750,http://purl.org/ccf/ccf_characterizes,http://purl.obolibrary.org/obo/CL_0002306,https://github.com/hubmapconsortium/hra-hubmap-kpmp-integration,1.435854
http://identifiers.org/hgnc/23520,http://purl.org/ccf/ccf_characterizes,http://purl.obolibrary.org/obo/CL_0002306,https://github.com/hubmapconsortium/hra-hubmap-kpmp-integration,1.341769
http://identifiers.org/hgnc/9609,http://purl.org/ccf/ccf_characterizes,http://purl.obolibrary.org/obo/CL_0002306,https://github.com/hubmapconsortium/hra-hubmap-kpmp-integration,1.970642
http://identifiers.org/hgnc/9608,http://purl.org/ccf/ccf_characterizes,http://purl.obolibrary.org/obo/CL_0002306,https://github.com/hubmapconsortium/hra-hubmap-kpmp-integration,1.706179
http://identifiers.org/hgnc/17992,http://purl.org/ccf/ccf_characterizes,http://purl.obolibrary.org/obo/CL_0002306,https://github.com/hubmapconsortium/hra-hubmap-kpmp-integration,1.491161
http://identifiers.org/hgnc/14430,http://purl.org/ccf/ccf_characterizes,http://purl.obolibrary.org/obo/CL_0002306,https://github.com/hubmapconsortium/hra-hubmap-kpmp-integration,1.283526
http://identifiers.org/hgnc/500,http://purl.org/ccf/ccf_characterizes,http://purl.obolibrary.org/obo/CL_0002306,https://github.com/hubmapconsortium/hra-hubmap-kpmp-integration,1.117514
http://identifiers.org/hgnc/9668,http://purl.org/ccf/ccf_characterizes,http://purl.obolibrary.org/obo/CL_0002306,https://github.com/hubmapconsortium/hra-hubmap-kpmp-integration,1.204049
http://identifiers.org/hgnc/13446,http://purl.org/ccf/ccf_characterizes,http://purl.obolibrary.org/obo/CL_0002306,https://github.com/hubmapconsortium/hra-hubmap-kpmp-integration,1.217642
http://identifiers.org/hgnc/6261,http://purl.org/ccf/ccf_characterizes,http://purl.obolibrary.org/obo/CL_0002306,https://github.com/hubmapconsortium/hra-hubmap-kpmp-integration,1.452378
http://identifiers.org/hgnc/9016,http://purl.org/ccf/ccf_characterizes,http://purl.obolibrary.org/obo/CL_0002306,https://github.com/hubmapconsortium/hra-hubmap-kpmp-integration,2.396052
http://identifiers.org/hgnc/8783,http://purl.org/ccf/ccf_characterizes,http://purl.obolibrary.org/obo/CL_0002306,https://github.com/hubmapconsortium/hra-hubmap-kpmp-integration,2.399957
http://identifiers.org/hgnc/7569,http://purl.org/ccf/ccf_characterizes,http://purl.obolibrary.org/obo/CL_1001318,https://github.com/hubmapconsortium/hra-hubmap-kpmp-integration,2.092828
http://identifiers.org/hgnc/1441,http://purl.org/ccf/ccf_characterizes,http://purl.obolibrary.org/obo/CL_1001318,https://github.com/hubmapconsortium/hra-hubmap-kpmp-integration,1.740795
http://identifiers.org/hgnc/3754,http://purl.org/ccf/ccf_characterizes,http://purl.obolibrary.org/obo/CL_1001318,https://github.com/hubmapconsortium/hra-hubmap-kpmp-integration,1.543416
http://identifiers.org/hgnc/11553,http://purl.org/ccf/ccf_characterizes,http://purl.obolibrary.org/obo/CL_1001318,https://github.com/hubmapconsortium/hra-hubmap-kpmp-integration,1.33635
http://identifiers.org/hgnc/12010,http://purl.org/ccf/ccf_characterizes,http://purl.obolibrary.org/obo/CL_1001318,https://github.com/hubmapconsortium/hra-hubmap-kpmp-integration,1.790675
http://identifiers.org/hgnc/12011,http://purl.org/ccf/ccf_characterizes,http://purl.obolibrary.org/obo/CL_1001318,https://github.com/hubmapconsortium/hra-hubmap-kpmp-integration,1.367519
http://identifiers.org/hgnc/130,http://purl.org/ccf/ccf_characterizes,http://purl.obolibrary.org/obo/CL_1001318,https://github.com/hubmapconsortium/hra-hubmap-kpmp-integration,0.963027
http://identifiers.org/hgnc/8804,http://purl.org/ccf/ccf_characterizes,http://purl.obolibrary.org/obo/CL_1001318,https://github.com/hubmapconsortium/hra-hubmap-kpmp-integration,0.829444
http://identifiers.org/hgnc/1390,http://purl.org/ccf/ccf_characterizes,http://purl.obolibrary.org/obo/CL_1001318,https://github.com/hubmapconsortium/hra-hubmap-kpmp-integration,1.093564
http://identifiers.org/hgnc/17732,http://purl.org/ccf/ccf_characterizes,http://purl.obolibrary.org/obo/CL_1001318,https://github.com/hubmapconsortium/hra-hubmap-kpmp-integration,0.873612
http://identifiers.org/hgnc/3126,http://purl.org/ccf/ccf_characterizes,http://purl.obolibrary.org/obo/CL_1001318,https://github.com/hubmapconsortium/hra-hubmap-kpmp-integration,0.997336
http://identifiers.org/hgnc/11087,http://purl.org/ccf/ccf_characterizes,http://purl.obolibrary.org/obo/CL_1001318,https://github.com/hubmapconsortium/hra-hubmap-kpmp-integration,1.042874
http://identifiers.org/hgnc/11220,http://purl.org/ccf/ccf_characterizes,http://purl.obolibrary.org/obo/CL_1001318,https://github.com/hubmapconsortium/hra-hubmap-kpmp-integration,0.877848
http://identifiers.org/hgnc/2897,http://purl.org/ccf/ccf_characterizes,http://purl.obolibrary.org/obo/CL_1001318,https://github.com/hubmapconsortium/hra-hubmap-kpmp-integration,0.937528
http://identifiers.org/hgnc/15754,http://purl.org/ccf/ccf_characterizes,http://purl.obolibrary.org/obo/CL_1001318,https://github.com/hubmapconsortium/hra-hubmap-kpmp-integration,0.77014
http://identifiers.org/hgnc/7590,http://purl.org/ccf/ccf_characterizes,http://purl.obolibrary.org/obo/CL_1001318,https://github.com/hubmapconsortium/hra-hubmap-kpmp-integration,0.979133
http://identifiers.org/hgnc/7237,http://purl.org/ccf/ccf_characterizes,http://purl.obolibrary.org/obo/CL_1001318,https://github.com/hubmapconsortium/hra-hubmap-kpmp-integration,0.519797
http://identifiers.org/hgnc/6647,http://purl.org/ccf/ccf_characterizes,http://purl.obolibrary.org/obo/CL_1001318,https://github.com/hubmapconsortium/hra-hubmap-kpmp-integration,0.591363
http://identifiers.org/hgnc/2770,http://purl.org/ccf/ccf_characterizes,http://purl.obolibrary.org/obo/CL_1001318,https://github.com/hubmapconsortium/hra-hubmap-kpmp-integration,0.86387
http://identifiers.org/hgnc/9666,http://purl.org/ccf/ccf_characterizes,http://purl.obolibrary.org/obo/CL_0000084,https://github.com/hubmapconsortium/hra-hubmap-kpmp-integration,1.61692
http://identifiers.org/hgnc/2550,http://purl.org/ccf/ccf_characterizes,http://purl.obolibrary.org/obo/CL_0000084,https://github.com/hubmapconsortium/hra-hubmap-kpmp-integration,1.600161
http://identifiers.org/hgnc/21030,http://purl.org/ccf/ccf_characterizes,http://purl.obolibrary.org/obo/CL_0000084,https://github.com/hubmapconsortium/hra-hubmap-kpmp-integration,1.477034
http://identifiers.org/hgnc/13176,http://purl.org/ccf/ccf_characterizes,http://purl.obolibrary.org/obo/CL_0000084,https://github.com/hubmapconsortium/hra-hubmap-kpmp-integration,1.2387
http://identifiers.org/hgnc/13222,http://purl.org/ccf/ccf_characterizes,http://purl.obolibrary.org/obo/CL_0000084,https://github.com/hubmapconsortium/hra-hubmap-kpmp-integration,1.232264
http://identifiers.org/hgnc/1585,http://purl.org/ccf/ccf_characterizes,http://purl.obolibrary.org/obo/CL_0000084,https://github.com/hubmapconsortium/hra-hubmap-kpmp-integration,1.4502
http://identifiers.org/hgnc/6923,http://purl.org/ccf/ccf_characterizes,http://purl.obolibrary.org/obo/CL_0000084,https://github.com/hubmapconsortium/hra-hubmap-kpmp-integration,1.825811
http://identifiers.org/hgnc/4037,http://purl.org/ccf/ccf_characterizes,http://purl.obolibrary.org/obo/CL_0000084,https://github.com/hubmapconsortium/hra-hubmap-kpmp-integration,1.195085
http://identifiers.org/hgnc/9403,http://purl.org/ccf/ccf_characterizes,http://purl.obolibrary.org/obo/CL_0000084,https://github.com/hubmapconsortium/hra-hubmap-kpmp-integration,1.232509
http://identifiers.org/hgnc/25259,http://purl.org/ccf/ccf_characterizes,http://purl.obolibrary.org/obo/CL_0000084,https://github.com/hubmapconsortium/hra-hubmap-kpmp-integration,1.254261
http://identifiers.org/hgnc/1677,http://purl.org/ccf/ccf_characterizes,http://purl.obolibrary.org/obo/CL_0000084,https://github.com/hubmapconsortium/hra-hubmap-kpmp-integration,1.022556
http://identifiers.org/hgnc/17422,http://purl.org/ccf/ccf_characterizes,http://purl.obolibrary.org/obo/CL_0000084,https://github.com/hubmapconsortium/hra-hubmap-kpmp-integration,1.185874
http://identifiers.org/hgnc/4036,http://purl.org/ccf/ccf_characterizes,http://purl.obolibrary.org/obo/CL_0000084,https://github.com/hubmapconsortium/hra-hubmap-kpmp-integration,1.056263
http://identifiers.org/hgnc/13872,http://purl.org/ccf/ccf_characterizes,http://purl.obolibrary.org/obo/CL_0000084,https://github.com/hubmapconsortium/hra-hubmap-kpmp-integration,1.132919
http://identifiers.org/hgnc/15605,http://purl.org/ccf/ccf_characterizes,http://purl.obolibrary.org/obo/CL_0000084,https://github.com/hubmapconsortium/hra-hubmap-kpmp-integration,1.418092
http://identifiers.org/hgnc/8997,http://purl.org/ccf/ccf_characterizes,http://purl.obolibrary.org/obo/CL_0000084,https://github.com/hubmapconsortium/hra-hubmap-kpmp-integration,1.274916
http://identifiers.org/hgnc/26124,http://purl.org/ccf/ccf_characterizes,http://purl.obolibrary.org/obo/CL_0000084,https://github.com/hubmapconsortium/hra-hubmap-kpmp-integration,1.183784
http://identifiers.org/hgnc/6024,http://purl.org/ccf/ccf_characterizes,http://purl.obolibrary.org/obo/CL_0000084,https://github.com/hubmapconsortium/hra-hubmap-kpmp-integration,1.083557
http://identifiers.org/hgnc/21569,http://purl.org/ccf/ccf_characterizes,http://purl.obolibrary.org/obo/CL_0000084,https://github.com/hubmapconsortium/hra-hubmap-kpmp-integration,0.916984
http://identifiers.org/hgnc/3488,http://purl.org/ccf/ccf_characterizes,http://purl.obolibrary.org/obo/CL_0000084,https://github.com/hubmapconsortium/hra-hubmap-kpmp-integration,1.05349
http://identifiers.org/hgnc/3474,http://purl.org/ccf/ccf_characterizes,http://purl.obolibrary.org/obo/CL_1001106,https://github.com/hubmapconsortium/hra-hubmap-kpmp-integration,3.740653
http://identifiers.org/hgnc/3498,http://purl.org/ccf/ccf_characterizes,http://purl.obolibrary.org/obo/CL_1001106,https://github.com/hubmapconsortium/hra-hubmap-kpmp-integration,3.448347
http://identifiers.org/hgnc/15917,http://purl.org/ccf/ccf_characterizes,http://purl.obolibrary.org/obo/CL_1001106,https://github.com/hubmapconsortium/hra-hubmap-kpmp-integration,2.902646
http://identifiers.org/hgnc/10910,http://purl.org/ccf/ccf_characterizes,http://purl.obolibrary.org/obo/CL_1001106,https://github.com/hubmapconsortium/hra-hubmap-kpmp-integration,3.652465
http://identifiers.org/hgnc/29349,http://purl.org/ccf/ccf_characterizes,http://purl.obolibrary.org/obo/CL_1001106,https://github.com/hubmapconsortium/hra-hubmap-kpmp-integration,3.04926
http://identifiers.org/hgnc/9016,http://purl.org/ccf/ccf_characterizes,http://purl.obolibrary.org/obo/CL_1001106,https://github.com/hubmapconsortium/hra-hubmap-kpmp-integration,3.01077
http://identifiers.org/hgnc/3432,http://purl.org/ccf/ccf_characterizes,http://purl.obolibrary.org/obo/CL_1001106,https://github.com/hubmapconsortium/hra-hubmap-kpmp-integration,3.443212
http://identifiers.org/hgnc/29173,http://purl.org/ccf/ccf_characterizes,http://purl.obolibrary.org/obo/CL_1001106,https://github.com/hubmapconsortium/hra-hubmap-kpmp-integration,2.734038
http://identifiers.org/hgnc/15460,http://purl.org/ccf/ccf_characterizes,http://purl.obolibrary.org/obo/CL_1001106,https://github.com/hubmapconsortium/hra-hubmap-kpmp-integration,2.27261
http://identifiers.org/hgnc/14598,http://purl.org/ccf/ccf_characterizes,http://purl.obolibrary.org/obo/CL_1001106,https://github.com/hubmapconsortium/hra-hubmap-kpmp-integration,2.631942
http://identifiers.org/hgnc/3701,http://purl.org/ccf/ccf_characterizes,http://purl.obolibrary.org/obo/CL_1001106,https://github.com/hubmapconsortium/hra-hubmap-kpmp-integration,2.609405
http://identifiers.org/hgnc/1514,http://purl.org/ccf/ccf_characterizes,http://purl.obolibrary.org/obo/CL_1001106,https://github.com/hubmapconsortium/hra-hubmap-kpmp-integration,2.040319
http://identifiers.org/hgnc/12799,http://purl.org/ccf/ccf_characterizes,http://purl.obolibrary.org/obo/CL_1001106,https://github.com/hubmapconsortium/hra-hubmap-kpmp-integration,2.660832
http://identifiers.org/hgnc/23571,http://purl.org/ccf/ccf_characterizes,http://purl.obolibrary.org/obo/CL_1001106,https://github.com/hubmapconsortium/hra-hubmap-kpmp-integration,2.573745
http://identifiers.org/hgnc/9609,http://purl.org/ccf/ccf_characterizes,http://purl.obolibrary.org/obo/CL_1001106,https://github.com/hubmapconsortium/hra-hubmap-kpmp-integration,2.346615
http://identifiers.org/hgnc/21380,http://purl.org/ccf/ccf_characterizes,http://purl.obolibrary.org/obo/CL_1001106,https://github.com/hubmapconsortium/hra-hubmap-kpmp-integration,2.418206
http://identifiers.org/hgnc/23219,http://purl.org/ccf/ccf_characterizes,http://purl.obolibrary.org/obo/CL_1001106,https://github.com/hubmapconsortium/hra-hubmap-kpmp-integration,2.205918
http://identifiers.org/hgnc/4913,http://purl.org/ccf/ccf_characterizes,http://purl.obolibrary.org/obo/CL_1001106,https://github.com/hubmapconsortium/hra-hubmap-kpmp-integration,2.306132
http://identifiers.org/hgnc/946,http://purl.org/ccf/ccf_characterizes,http://purl.obolibrary.org/obo/CL_1001106,https://github.com/hubmapconsortium/hra-hubmap-kpmp-integration,2.305512
http://identifiers.org/hgnc/9026,http://purl.org/ccf/ccf_characterizes,http://purl.obolibrary.org/obo/CL_1001106,https://github.com/hubmapconsortium/hra-hubmap-kpmp-integration,2.28946
http://identifiers.org/hgnc/8008,http://purl.org/ccf/ccf_characterizes,http://purl.obolibrary.org/obo/CL_0002319,https://github.com/hubmapconsortium/hra-hubmap-kpmp-integration,3.898066
http://identifiers.org/hgnc/8010,http://purl.org/ccf/ccf_characterizes,http://purl.obolibrary.org/obo/CL_0002319,https://github.com/hubmapconsortium/hra-hubmap-kpmp-integration,2.673928
http://identifiers.org/hgnc/945,http://purl.org/ccf/ccf_characterizes,http://purl.obolibrary.org/obo/CL_0002319,https://github.com/hubmapconsortium/hra-hubmap-kpmp-integration,2.719461
http://identifiers.org/hgnc/29394,http://purl.org/ccf/ccf_characterizes,http://purl.obolibrary.org/obo/CL_0002319,https://github.com/hubmapconsortium/hra-hubmap-kpmp-integration,2.817895
http://identifiers.org/hgnc/29849,http://purl.org/ccf/ccf_characterizes,http://purl.obolibrary.org/obo/CL_0002319,https://github.com/hubmapconsortium/hra-hubmap-kpmp-integration,2.343439
http://identifiers.org/hgnc/4580,http://purl.org/ccf/ccf_characterizes,http://purl.obolibrary.org/obo/CL_0002319,https://github.com/hubmapconsortium/hra-hubmap-kpmp-integration,2.320473
http://identifiers.org/hgnc/13503,http://purl.org/ccf/ccf_characterizes,http://purl.obolibrary.org/obo/CL_0002319,https://github.com/hubmapconsortium/hra-hubmap-kpmp-integration,3.11093
http://identifiers.org/hgnc/13427,http://purl.org/ccf/ccf_characterizes,http://purl.obolibrary.org/obo/CL_0002319,https://github.com/hubmapconsortium/hra-hubmap-kpmp-integration,2.352885
http://identifiers.org/hgnc/17302,http://purl.org/ccf/ccf_characterizes,http://purl.obolibrary.org/obo/CL_0002319,https://github.com/hubmapconsortium/hra-hubmap-kpmp-integration,2.115865
http://identifiers.org/hgnc/25491,http://purl.org/ccf/ccf_characterizes,http://purl.obolibrary.org/obo/CL_0002319,https://github.com/hubmapconsortium/hra-hubmap-kpmp-integration,2.334313
http://identifiers.org/hgnc/2897,http://purl.org/ccf/ccf_characterizes,http://purl.obolibrary.org/obo/CL_0002319,https://github.com/hubmapconsortium/hra-hubmap-kpmp-integration,1.992541
http://identifiers.org/hgnc/494,http://purl.org/ccf/ccf_characterizes,http://purl.obolibrary.org/obo/CL_0002319,https://github.com/hubmapconsortium/hra-hubmap-kpmp-integration,2.538854
http://identifiers.org/hgnc/37190,http://purl.org/ccf/ccf_characterizes,http://purl.obolibrary.org/obo/CL_0002319,https://github.com/hubmapconsortium/hra-hubmap-kpmp-integration,2.411431
http://identifiers.org/hgnc/16697,http://purl.org/ccf/ccf_characterizes,http://purl.obolibrary.org/obo/CL_0002319,https://github.com/hubmapconsortium/hra-hubmap-kpmp-integration,1.830049
http://identifiers.org/hgnc/9393,http://purl.org/ccf/ccf_characterizes,http://purl.obolibrary.org/obo/CL_0002319,https://github.com/hubmapconsortium/hra-hubmap-kpmp-integration,2.065267
http://identifiers.org/hgnc/19164,http://purl.org/ccf/ccf_characterizes,http://purl.obolibrary.org/obo/CL_0002319,https://github.com/hubmapconsortium/hra-hubmap-kpmp-integration,2.115563
http://identifiers.org/hgnc/1758,http://purl.org/ccf/ccf_characterizes,http://purl.obolibrary.org/obo/CL_0002319,https://github.com/hubmapconsortium/hra-hubmap-kpmp-integration,1.784673
http://identifiers.org/hgnc/21483,http://purl.org/ccf/ccf_characterizes,http://purl.obolibrary.org/obo/CL_0002319,https://github.com/hubmapconsortium/hra-hubmap-kpmp-integration,1.799449
http://identifiers.org/hgnc/7657,http://purl.org/ccf/ccf_characterizes,http://purl.obolibrary.org/obo/CL_0002319,https://github.com/hubmapconsortium/hra-hubmap-kpmp-integration,1.680517
