,subject,predicate,object,source,gene_expr
0,https://identifiers.org/hgnc/18233,http://purl.org/ccf/ccf_characterizes,http://purl.obolibrary.org/obo/CL_0000236,https://purl.humanatlas.io/vocab/hp,19.968628
1,https://identifiers.org/hgnc/9395,http://purl.org/ccf/ccf_characterizes,http://purl.obolibrary.org/obo/CL_0000236,https://purl.humanatlas.io/vocab/hp,13.310658
2,https://identifiers.org/hgnc/21030,http://purl.org/ccf/ccf_characterizes,http://purl.obolibrary.org/obo/CL_0000236,https://purl.humanatlas.io/vocab/hp,14.091385
3,https://identifiers.org/hgnc/25259,http://purl.org/ccf/ccf_characterizes,http://purl.obolibrary.org/obo/CL_0000236,https://purl.humanatlas.io/vocab/hp,12.289216
4,https://identifiers.org/hgnc/6473,http://purl.org/ccf/ccf_characterizes,http://purl.obolibrary.org/obo/CL_0000236,https://purl.humanatlas.io/vocab/hp,19.908174
5,https://identifiers.org/hgnc/13872,http://purl.org/ccf/ccf_characterizes,http://purl.obolibrary.org/obo/CL_0000236,https://purl.humanatlas.io/vocab/hp,11.953663
6,https://identifiers.org/hgnc/30279,http://purl.org/ccf/ccf_characterizes,http://purl.obolibrary.org/obo/CL_0000236,https://purl.humanatlas.io/vocab/hp,13.141631
7,https://identifiers.org/hgnc/29114,http://purl.org/ccf/ccf_characterizes,http://purl.obolibrary.org/obo/CL_0000236,https://purl.humanatlas.io/vocab/hp,10.815924
8,https://identifiers.org/hgnc/6923,http://purl.org/ccf/ccf_characterizes,http://purl.obolibrary.org/obo/CL_0000236,https://purl.humanatlas.io/vocab/hp,14.286316
9,https://identifiers.org/hgnc/9666,http://purl.org/ccf/ccf_characterizes,http://purl.obolibrary.org/obo/CL_0000236,https://purl.humanatlas.io/vocab/hp,7.441283
10,https://identifiers.org/hgnc/19341,http://purl.org/ccf/ccf_characterizes,http://purl.obolibrary.org/obo/CL_0000236,https://purl.humanatlas.io/vocab/hp,9.117294
11,https://identifiers.org/hgnc/6079,http://purl.org/ccf/ccf_characterizes,http://purl.obolibrary.org/obo/CL_0000236,https://purl.humanatlas.io/vocab/hp,8.161599
12,https://identifiers.org/hgnc/1585,http://purl.org/ccf/ccf_characterizes,http://purl.obolibrary.org/obo/CL_0000236,https://purl.humanatlas.io/vocab/hp,11.245375
13,https://identifiers.org/hgnc/1057,http://purl.org/ccf/ccf_characterizes,http://purl.obolibrary.org/obo/CL_0000236,https://purl.humanatlas.io/vocab/hp,7.03126
14,https://identifiers.org/hgnc/13176,http://purl.org/ccf/ccf_characterizes,http://purl.obolibrary.org/obo/CL_0000236,https://purl.humanatlas.io/vocab/hp,5.53733
15,https://identifiers.org/hgnc/25361,http://purl.org/ccf/ccf_characterizes,http://purl.obolibrary.org/obo/CL_0000236,https://purl.humanatlas.io/vocab/hp,16.678718
16,https://identifiers.org/hgnc/2988,http://purl.org/ccf/ccf_characterizes,http://purl.obolibrary.org/obo/CL_0000236,https://purl.humanatlas.io/vocab/hp,5.532342
17,https://identifiers.org/hgnc/8619,http://purl.org/ccf/ccf_characterizes,http://purl.obolibrary.org/obo/CL_0000236,https://purl.humanatlas.io/vocab/hp,4.893038
18,https://identifiers.org/hgnc/29146,http://purl.org/ccf/ccf_characterizes,http://purl.obolibrary.org/obo/CL_0000236,https://purl.humanatlas.io/vocab/hp,5.334677
19,https://identifiers.org/hgnc/16395,http://purl.org/ccf/ccf_characterizes,http://purl.obolibrary.org/obo/CL_0000236,https://purl.humanatlas.io/vocab/hp,10.321048
20,https://identifiers.org/hgnc/14467,http://purl.org/ccf/ccf_characterizes,http://purl.obolibrary.org/obo/CL_1001432,https://purl.humanatlas.io/vocab/hp,35.184807
21,https://identifiers.org/hgnc/946,http://purl.org/ccf/ccf_characterizes,http://purl.obolibrary.org/obo/CL_1001432,https://purl.humanatlas.io/vocab/hp,36.468545
22,https://identifiers.org/hgnc/17438,http://purl.org/ccf/ccf_characterizes,http://purl.obolibrary.org/obo/CL_1001432,https://purl.humanatlas.io/vocab/hp,18.058911
23,https://identifiers.org/hgnc/18266,http://purl.org/ccf/ccf_characterizes,http://purl.obolibrary.org/obo/CL_1001432,https://purl.humanatlas.io/vocab/hp,10.748533
24,https://identifiers.org/hgnc/7728,http://purl.org/ccf/ccf_characterizes,http://purl.obolibrary.org/obo/CL_1001432,https://purl.humanatlas.io/vocab/hp,16.893363
25,https://identifiers.org/hgnc/866,http://purl.org/ccf/ccf_characterizes,http://purl.obolibrary.org/obo/CL_1001432,https://purl.humanatlas.io/vocab/hp,11.393943
26,https://identifiers.org/hgnc/19030,http://purl.org/ccf/ccf_characterizes,http://purl.obolibrary.org/obo/CL_1001432,https://purl.humanatlas.io/vocab/hp,15.953146
27,https://identifiers.org/hgnc/3041,http://purl.org/ccf/ccf_characterizes,http://purl.obolibrary.org/obo/CL_1001432,https://purl.humanatlas.io/vocab/hp,9.858839
28,https://identifiers.org/hgnc/8776,http://purl.org/ccf/ccf_characterizes,http://purl.obolibrary.org/obo/CL_1001432,https://purl.humanatlas.io/vocab/hp,10.019566
29,https://identifiers.org/hgnc/25308,http://purl.org/ccf/ccf_characterizes,http://purl.obolibrary.org/obo/CL_1001432,https://purl.humanatlas.io/vocab/hp,8.567498
30,https://identifiers.org/hgnc/11168,http://purl.org/ccf/ccf_characterizes,http://purl.obolibrary.org/obo/CL_1001432,https://purl.humanatlas.io/vocab/hp,6.467708
31,https://identifiers.org/hgnc/17925,http://purl.org/ccf/ccf_characterizes,http://purl.obolibrary.org/obo/CL_1001432,https://purl.humanatlas.io/vocab/hp,14.265397
32,https://identifiers.org/hgnc/18264,http://purl.org/ccf/ccf_characterizes,http://purl.obolibrary.org/obo/CL_1001432,https://purl.humanatlas.io/vocab/hp,7.943531
33,https://identifiers.org/hgnc/21035,http://purl.org/ccf/ccf_characterizes,http://purl.obolibrary.org/obo/CL_1001432,https://purl.humanatlas.io/vocab/hp,8.794122
34,https://identifiers.org/hgnc/3420,http://purl.org/ccf/ccf_characterizes,http://purl.obolibrary.org/obo/CL_1001432,https://purl.humanatlas.io/vocab/hp,8.89348
35,https://identifiers.org/hgnc/3823,http://purl.org/ccf/ccf_characterizes,http://purl.obolibrary.org/obo/CL_1001432,https://purl.humanatlas.io/vocab/hp,11.625726
36,https://identifiers.org/hgnc/29246,http://purl.org/ccf/ccf_characterizes,http://purl.obolibrary.org/obo/CL_1001432,https://purl.humanatlas.io/vocab/hp,5.26573
37,https://identifiers.org/hgnc/1180,http://purl.org/ccf/ccf_characterizes,http://purl.obolibrary.org/obo/CL_1001432,https://purl.humanatlas.io/vocab/hp,6.551788
38,https://identifiers.org/hgnc/9673,http://purl.org/ccf/ccf_characterizes,http://purl.obolibrary.org/obo/CL_1001432,https://purl.humanatlas.io/vocab/hp,8.484098
39,https://identifiers.org/hgnc/6181,http://purl.org/ccf/ccf_characterizes,http://purl.obolibrary.org/obo/CL_1001432,https://purl.humanatlas.io/vocab/hp,11.487111
40,https://identifiers.org/hgnc/4028,http://purl.org/ccf/ccf_characterizes,http://purl.obolibrary.org/obo/CL_1001431,https://purl.humanatlas.io/vocab/hp,10.4623
41,None,http://purl.org/ccf/ccf_characterizes,http://purl.obolibrary.org/obo/CL_1001431,https://purl.humanatlas.io/vocab/hp,
42,https://identifiers.org/hgnc/634,http://purl.org/ccf/ccf_characterizes,http://purl.obolibrary.org/obo/CL_1001431,https://purl.humanatlas.io/vocab/hp,16.56596
43,https://identifiers.org/hgnc/18610,http://purl.org/ccf/ccf_characterizes,http://purl.obolibrary.org/obo/CL_1001431,https://purl.humanatlas.io/vocab/hp,2.731033
44,https://identifiers.org/hgnc/636,http://purl.org/ccf/ccf_characterizes,http://purl.obolibrary.org/obo/CL_1001431,https://purl.humanatlas.io/vocab/hp,8.853724
45,https://identifiers.org/hgnc/4172,http://purl.org/ccf/ccf_characterizes,http://purl.obolibrary.org/obo/CL_1001431,https://purl.humanatlas.io/vocab/hp,5.337487
46,https://identifiers.org/hgnc/8602,http://purl.org/ccf/ccf_characterizes,http://purl.obolibrary.org/obo/CL_1001431,https://purl.humanatlas.io/vocab/hp,4.450818
47,https://identifiers.org/hgnc/3522,http://purl.org/ccf/ccf_characterizes,http://purl.obolibrary.org/obo/CL_1001431,https://purl.humanatlas.io/vocab/hp,2.031661
48,https://identifiers.org/hgnc/1077,http://purl.org/ccf/ccf_characterizes,http://purl.obolibrary.org/obo/CL_1001431,https://purl.humanatlas.io/vocab/hp,3.314408
49,https://identifiers.org/hgnc/13447,http://purl.org/ccf/ccf_characterizes,http://purl.obolibrary.org/obo/CL_1001431,https://purl.humanatlas.io/vocab/hp,4.027617
50,https://identifiers.org/hgnc/10602,http://purl.org/ccf/ccf_characterizes,http://purl.obolibrary.org/obo/CL_1001431,https://purl.humanatlas.io/vocab/hp,2.527245
51,https://identifiers.org/hgnc/9841,http://purl.org/ccf/ccf_characterizes,http://purl.obolibrary.org/obo/CL_1001431,https://purl.humanatlas.io/vocab/hp,4.951105
52,https://identifiers.org/hgnc/3320,http://purl.org/ccf/ccf_characterizes,http://purl.obolibrary.org/obo/CL_1001431,https://purl.humanatlas.io/vocab/hp,2.436416
53,https://identifiers.org/hgnc/2095,http://purl.org/ccf/ccf_characterizes,http://purl.obolibrary.org/obo/CL_1001431,https://purl.humanatlas.io/vocab/hp,10.387491
54,https://identifiers.org/hgnc/8973,http://purl.org/ccf/ccf_characterizes,http://purl.obolibrary.org/obo/CL_1001431,https://purl.humanatlas.io/vocab/hp,2.549266
55,https://identifiers.org/hgnc/26197,http://purl.org/ccf/ccf_characterizes,http://purl.obolibrary.org/obo/CL_1001431,https://purl.humanatlas.io/vocab/hp,2.541307
56,https://identifiers.org/hgnc/10253,http://purl.org/ccf/ccf_characterizes,http://purl.obolibrary.org/obo/CL_1001431,https://purl.humanatlas.io/vocab/hp,4.986758
57,https://identifiers.org/hgnc/10860,http://purl.org/ccf/ccf_characterizes,http://purl.obolibrary.org/obo/CL_1001431,https://purl.humanatlas.io/vocab/hp,5.292753
58,https://identifiers.org/hgnc/33235,http://purl.org/ccf/ccf_characterizes,http://purl.obolibrary.org/obo/CL_1001431,https://purl.humanatlas.io/vocab/hp,4.236561
59,https://identifiers.org/hgnc/11092,http://purl.org/ccf/ccf_characterizes,http://purl.obolibrary.org/obo/CL_1001431,https://purl.humanatlas.io/vocab/hp,8.770136
60,None,http://purl.org/ccf/ccf_characterizes,http://purl.obolibrary.org/obo/CL_1000768,https://purl.humanatlas.io/vocab/hp,
61,None,http://purl.org/ccf/ccf_characterizes,http://purl.obolibrary.org/obo/CL_1000768,https://purl.humanatlas.io/vocab/hp,
62,https://identifiers.org/hgnc/11068,http://purl.org/ccf/ccf_characterizes,http://purl.obolibrary.org/obo/CL_1000768,https://purl.humanatlas.io/vocab/hp,33.612498
63,https://identifiers.org/hgnc/10588,http://purl.org/ccf/ccf_characterizes,http://purl.obolibrary.org/obo/CL_1000768,https://purl.humanatlas.io/vocab/hp,4.163097
64,https://identifiers.org/hgnc/8973,http://purl.org/ccf/ccf_characterizes,http://purl.obolibrary.org/obo/CL_1000768,https://purl.humanatlas.io/vocab/hp,3.431254
65,https://identifiers.org/hgnc/5209,http://purl.org/ccf/ccf_characterizes,http://purl.obolibrary.org/obo/CL_1000768,https://purl.humanatlas.io/vocab/hp,5.092903
66,https://identifiers.org/hgnc/7174,http://purl.org/ccf/ccf_characterizes,http://purl.obolibrary.org/obo/CL_1000768,https://purl.humanatlas.io/vocab/hp,6.398274
67,https://identifiers.org/hgnc/49222,http://purl.org/ccf/ccf_characterizes,http://purl.obolibrary.org/obo/CL_1000768,https://purl.humanatlas.io/vocab/hp,1.836758
68,https://identifiers.org/hgnc/16018,http://purl.org/ccf/ccf_characterizes,http://purl.obolibrary.org/obo/CL_1000768,https://purl.humanatlas.io/vocab/hp,7.238501
69,https://identifiers.org/hgnc/27152,http://purl.org/ccf/ccf_characterizes,http://purl.obolibrary.org/obo/CL_1000768,https://purl.humanatlas.io/vocab/hp,2.010846
70,https://identifiers.org/hgnc/48667,http://purl.org/ccf/ccf_characterizes,http://purl.obolibrary.org/obo/CL_1000768,https://purl.humanatlas.io/vocab/hp,2.898641
71,https://identifiers.org/hgnc/19221,http://purl.org/ccf/ccf_characterizes,http://purl.obolibrary.org/obo/CL_1000768,https://purl.humanatlas.io/vocab/hp,11.274029
72,https://identifiers.org/hgnc/18141,http://purl.org/ccf/ccf_characterizes,http://purl.obolibrary.org/obo/CL_1000768,https://purl.humanatlas.io/vocab/hp,5.393877
73,https://identifiers.org/hgnc/11972,http://purl.org/ccf/ccf_characterizes,http://purl.obolibrary.org/obo/CL_1000768,https://purl.humanatlas.io/vocab/hp,2.483183
74,https://identifiers.org/hgnc/8783,http://purl.org/ccf/ccf_characterizes,http://purl.obolibrary.org/obo/CL_1000768,https://purl.humanatlas.io/vocab/hp,24.438005
75,https://identifiers.org/hgnc/23571,http://purl.org/ccf/ccf_characterizes,http://purl.obolibrary.org/obo/CL_1000768,https://purl.humanatlas.io/vocab/hp,11.380376
76,https://identifiers.org/hgnc/2095,http://purl.org/ccf/ccf_characterizes,http://purl.obolibrary.org/obo/CL_1000768,https://purl.humanatlas.io/vocab/hp,9.851619
77,https://identifiers.org/hgnc/11092,http://purl.org/ccf/ccf_characterizes,http://purl.obolibrary.org/obo/CL_1000768,https://purl.humanatlas.io/vocab/hp,8.710343
78,https://identifiers.org/hgnc/1180,http://purl.org/ccf/ccf_characterizes,http://purl.obolibrary.org/obo/CL_1000768,https://purl.humanatlas.io/vocab/hp,2.389871
79,https://identifiers.org/hgnc/19414,http://purl.org/ccf/ccf_characterizes,http://purl.obolibrary.org/obo/CL_1000768,https://purl.humanatlas.io/vocab/hp,1.585638
80,https://identifiers.org/hgnc/29323,http://purl.org/ccf/ccf_characterizes,http://purl.obolibrary.org/obo/CL_0000451,https://purl.humanatlas.io/vocab/hp,28.283325
81,https://identifiers.org/hgnc/5358,http://purl.org/ccf/ccf_characterizes,http://purl.obolibrary.org/obo/CL_0000451,https://purl.humanatlas.io/vocab/hp,7.680382
82,https://identifiers.org/hgnc/3495,http://purl.org/ccf/ccf_characterizes,http://purl.obolibrary.org/obo/CL_0000451,https://purl.humanatlas.io/vocab/hp,13.607699
83,https://identifiers.org/hgnc/14262,http://purl.org/ccf/ccf_characterizes,http://purl.obolibrary.org/obo/CL_0000451,https://purl.humanatlas.io/vocab/hp,16.277803
84,https://identifiers.org/hgnc/7067,http://purl.org/ccf/ccf_characterizes,http://purl.obolibrary.org/obo/CL_0000451,https://purl.humanatlas.io/vocab/hp,7.175183
85,https://identifiers.org/hgnc/16286,http://purl.org/ccf/ccf_characterizes,http://purl.obolibrary.org/obo/CL_0000451,https://purl.humanatlas.io/vocab/hp,7.366553
86,https://identifiers.org/hgnc/17069,http://purl.org/ccf/ccf_characterizes,http://purl.obolibrary.org/obo/CL_0000451,https://purl.humanatlas.io/vocab/hp,12.68181
87,https://identifiers.org/hgnc/3765,http://purl.org/ccf/ccf_characterizes,http://purl.obolibrary.org/obo/CL_0000451,https://purl.humanatlas.io/vocab/hp,6.952229
88,https://identifiers.org/hgnc/1224,http://purl.org/ccf/ccf_characterizes,http://purl.obolibrary.org/obo/CL_0000451,https://purl.humanatlas.io/vocab/hp,9.829289
89,https://identifiers.org/hgnc/14065,http://purl.org/ccf/ccf_characterizes,http://purl.obolibrary.org/obo/CL_0000451,https://purl.humanatlas.io/vocab/hp,23.210915
90,https://identifiers.org/hgnc/2988,http://purl.org/ccf/ccf_characterizes,http://purl.obolibrary.org/obo/CL_0000451,https://purl.humanatlas.io/vocab/hp,4.715356
91,https://identifiers.org/hgnc/23479,http://purl.org/ccf/ccf_characterizes,http://purl.obolibrary.org/obo/CL_0000451,https://purl.humanatlas.io/vocab/hp,6.390986
92,https://identifiers.org/hgnc/25523,http://purl.org/ccf/ccf_characterizes,http://purl.obolibrary.org/obo/CL_0000451,https://purl.humanatlas.io/vocab/hp,6.647789
93,https://identifiers.org/hgnc/15925,http://purl.org/ccf/ccf_characterizes,http://purl.obolibrary.org/obo/CL_0000451,https://purl.humanatlas.io/vocab/hp,5.454215
94,https://identifiers.org/hgnc/17438,http://purl.org/ccf/ccf_characterizes,http://purl.obolibrary.org/obo/CL_0000451,https://purl.humanatlas.io/vocab/hp,14.160809
95,https://identifiers.org/hgnc/6473,http://purl.org/ccf/ccf_characterizes,http://purl.obolibrary.org/obo/CL_0000451,https://purl.humanatlas.io/vocab/hp,11.184263
96,https://identifiers.org/hgnc/2550,http://purl.org/ccf/ccf_characterizes,http://purl.obolibrary.org/obo/CL_0000451,https://purl.humanatlas.io/vocab/hp,7.892591
97,https://identifiers.org/hgnc/2720,http://purl.org/ccf/ccf_characterizes,http://purl.obolibrary.org/obo/CL_0000451,https://purl.humanatlas.io/vocab/hp,9.889539
98,https://identifiers.org/hgnc/1537,http://purl.org/ccf/ccf_characterizes,http://purl.obolibrary.org/obo/CL_0000451,https://purl.humanatlas.io/vocab/hp,4.108301
99,https://identifiers.org/hgnc/25216,http://purl.org/ccf/ccf_characterizes,http://purl.obolibrary.org/obo/CL_0000451,https://purl.humanatlas.io/vocab/hp,6.781266
100,https://identifiers.org/hgnc/10912,http://purl.org/ccf/ccf_characterizes,http://purl.obolibrary.org/obo/CL_1000849,https://purl.humanatlas.io/vocab/hp,56.858444
101,https://identifiers.org/hgnc/14540,http://purl.org/ccf/ccf_characterizes,http://purl.obolibrary.org/obo/CL_1000849,https://purl.humanatlas.io/vocab/hp,14.500153
102,https://identifiers.org/hgnc/17994,http://purl.org/ccf/ccf_characterizes,http://purl.obolibrary.org/obo/CL_1000849,https://purl.humanatlas.io/vocab/hp,9.570701
103,https://identifiers.org/hgnc/26438,http://purl.org/ccf/ccf_characterizes,http://purl.obolibrary.org/obo/CL_1000849,https://purl.humanatlas.io/vocab/hp,6.475823
104,https://identifiers.org/hgnc/1371,http://purl.org/ccf/ccf_characterizes,http://purl.obolibrary.org/obo/CL_1000849,https://purl.humanatlas.io/vocab/hp,11.425428
105,https://identifiers.org/hgnc/6262,http://purl.org/ccf/ccf_characterizes,http://purl.obolibrary.org/obo/CL_1000849,https://purl.humanatlas.io/vocab/hp,8.055848
106,https://identifiers.org/hgnc/1404,http://purl.org/ccf/ccf_characterizes,http://purl.obolibrary.org/obo/CL_1000849,https://purl.humanatlas.io/vocab/hp,3.648688
107,None,http://purl.org/ccf/ccf_characterizes,http://purl.obolibrary.org/obo/CL_1000849,https://purl.humanatlas.io/vocab/hp,
108,https://identifiers.org/hgnc/6354,http://purl.org/ccf/ccf_characterizes,http://purl.obolibrary.org/obo/CL_1000849,https://purl.humanatlas.io/vocab/hp,3.377655
109,None,http://purl.org/ccf/ccf_characterizes,http://purl.obolibrary.org/obo/CL_1000849,https://purl.humanatlas.io/vocab/hp,
110,https://identifiers.org/hgnc/17995,http://purl.org/ccf/ccf_characterizes,http://purl.obolibrary.org/obo/CL_1000849,https://purl.humanatlas.io/vocab/hp,4.179406
111,None,http://purl.org/ccf/ccf_characterizes,http://purl.obolibrary.org/obo/CL_1000849,https://purl.humanatlas.io/vocab/hp,
112,https://identifiers.org/hgnc/21747,http://purl.org/ccf/ccf_characterizes,http://purl.obolibrary.org/obo/CL_1000849,https://purl.humanatlas.io/vocab/hp,7.787759
113,https://identifiers.org/hgnc/3474,http://purl.org/ccf/ccf_characterizes,http://purl.obolibrary.org/obo/CL_1000849,https://purl.humanatlas.io/vocab/hp,21.32403
114,https://identifiers.org/hgnc/11255,http://purl.org/ccf/ccf_characterizes,http://purl.obolibrary.org/obo/CL_1000849,https://purl.humanatlas.io/vocab/hp,39.717909
115,https://identifiers.org/hgnc/103,http://purl.org/ccf/ccf_characterizes,http://purl.obolibrary.org/obo/CL_1000849,https://purl.humanatlas.io/vocab/hp,6.631802
116,https://identifiers.org/hgnc/35,http://purl.org/ccf/ccf_characterizes,http://purl.obolibrary.org/obo/CL_1000849,https://purl.humanatlas.io/vocab/hp,4.999141
117,https://identifiers.org/hgnc/10588,http://purl.org/ccf/ccf_characterizes,http://purl.obolibrary.org/obo/CL_1000849,https://purl.humanatlas.io/vocab/hp,4.396921
118,https://identifiers.org/hgnc/3498,http://purl.org/ccf/ccf_characterizes,http://purl.obolibrary.org/obo/CL_1000849,https://purl.humanatlas.io/vocab/hp,21.497221
119,https://identifiers.org/hgnc/3432,http://purl.org/ccf/ccf_characterizes,http://purl.obolibrary.org/obo/CL_1000849,https://purl.humanatlas.io/vocab/hp,20.212286
120,https://identifiers.org/hgnc/9675,http://purl.org/ccf/ccf_characterizes,http://purl.obolibrary.org/obo/CL_0000115,https://purl.humanatlas.io/vocab/hp,28.912333
121,https://identifiers.org/hgnc/7001,http://purl.org/ccf/ccf_characterizes,http://purl.obolibrary.org/obo/CL_0000115,https://purl.humanatlas.io/vocab/hp,32.258169
122,https://identifiers.org/hgnc/9665,http://purl.org/ccf/ccf_characterizes,http://purl.obolibrary.org/obo/CL_0000115,https://purl.humanatlas.io/vocab/hp,16.116983
123,https://identifiers.org/hgnc/13427,http://purl.org/ccf/ccf_characterizes,http://purl.obolibrary.org/obo/CL_0000115,https://purl.humanatlas.io/vocab/hp,17.933836
124,https://identifiers.org/hgnc/6533,http://purl.org/ccf/ccf_characterizes,http://purl.obolibrary.org/obo/CL_0000115,https://purl.humanatlas.io/vocab/hp,38.333576
125,https://identifiers.org/hgnc/19192,http://purl.org/ccf/ccf_characterizes,http://purl.obolibrary.org/obo/CL_0000115,https://purl.humanatlas.io/vocab/hp,16.104991
126,https://identifiers.org/hgnc/2720,http://purl.org/ccf/ccf_characterizes,http://purl.obolibrary.org/obo/CL_0000115,https://purl.humanatlas.io/vocab/hp,10.090425
127,https://identifiers.org/hgnc/9671,http://purl.org/ccf/ccf_characterizes,http://purl.obolibrary.org/obo/CL_0000115,https://purl.humanatlas.io/vocab/hp,32.123377
128,https://identifiers.org/hgnc/19343,http://purl.org/ccf/ccf_characterizes,http://purl.obolibrary.org/obo/CL_0000115,https://purl.humanatlas.io/vocab/hp,15.202942
129,https://identifiers.org/hgnc/11642,http://purl.org/ccf/ccf_characterizes,http://purl.obolibrary.org/obo/CL_0000115,https://purl.humanatlas.io/vocab/hp,11.959484
130,https://identifiers.org/hgnc/12635,http://purl.org/ccf/ccf_characterizes,http://purl.obolibrary.org/obo/CL_0000115,https://purl.humanatlas.io/vocab/hp,18.886089
131,https://identifiers.org/hgnc/16286,http://purl.org/ccf/ccf_characterizes,http://purl.obolibrary.org/obo/CL_0000115,https://purl.humanatlas.io/vocab/hp,9.58931
132,https://identifiers.org/hgnc/8823,http://purl.org/ccf/ccf_characterizes,http://purl.obolibrary.org/obo/CL_0000115,https://purl.humanatlas.io/vocab/hp,8.438913
133,https://identifiers.org/hgnc/393,http://purl.org/ccf/ccf_characterizes,http://purl.obolibrary.org/obo/CL_0000115,https://purl.humanatlas.io/vocab/hp,9.368264
134,https://identifiers.org/hgnc/9403,http://purl.org/ccf/ccf_characterizes,http://purl.obolibrary.org/obo/CL_0000115,https://purl.humanatlas.io/vocab/hp,7.587486
135,https://identifiers.org/hgnc/29179,http://purl.org/ccf/ccf_characterizes,http://purl.obolibrary.org/obo/CL_0000115,https://purl.humanatlas.io/vocab/hp,10.783665
136,https://identifiers.org/hgnc/9874,http://purl.org/ccf/ccf_characterizes,http://purl.obolibrary.org/obo/CL_0000115,https://purl.humanatlas.io/vocab/hp,12.181759
137,https://identifiers.org/hgnc/3446,http://purl.org/ccf/ccf_characterizes,http://purl.obolibrary.org/obo/CL_0000115,https://purl.humanatlas.io/vocab/hp,6.026319
138,https://identifiers.org/hgnc/11724,http://purl.org/ccf/ccf_characterizes,http://purl.obolibrary.org/obo/CL_0000115,https://purl.humanatlas.io/vocab/hp,8.191287
139,https://identifiers.org/hgnc/29216,http://purl.org/ccf/ccf_characterizes,http://purl.obolibrary.org/obo/CL_0000115,https://purl.humanatlas.io/vocab/hp,6.259528
140,https://identifiers.org/hgnc/23405,http://purl.org/ccf/ccf_characterizes,http://purl.obolibrary.org/obo/CL_1000695,https://purl.humanatlas.io/vocab/hp,30.653245
141,https://identifiers.org/hgnc/24886,http://purl.org/ccf/ccf_characterizes,http://purl.obolibrary.org/obo/CL_1000695,https://purl.humanatlas.io/vocab/hp,16.985625
142,https://identifiers.org/hgnc/20653,http://purl.org/ccf/ccf_characterizes,http://purl.obolibrary.org/obo/CL_1000695,https://purl.humanatlas.io/vocab/hp,16.630723
143,https://identifiers.org/hgnc/16286,http://purl.org/ccf/ccf_characterizes,http://purl.obolibrary.org/obo/CL_1000695,https://purl.humanatlas.io/vocab/hp,15.194004
144,https://identifiers.org/hgnc/1928,http://purl.org/ccf/ccf_characterizes,http://purl.obolibrary.org/obo/CL_1000695,https://purl.humanatlas.io/vocab/hp,15.779543
145,https://identifiers.org/hgnc/6181,http://purl.org/ccf/ccf_characterizes,http://purl.obolibrary.org/obo/CL_1000695,https://purl.humanatlas.io/vocab/hp,17.650094
146,https://identifiers.org/hgnc/14881,http://purl.org/ccf/ccf_characterizes,http://purl.obolibrary.org/obo/CL_1000695,https://purl.humanatlas.io/vocab/hp,14.870106
147,https://identifiers.org/hgnc/1224,http://purl.org/ccf/ccf_characterizes,http://purl.obolibrary.org/obo/CL_1000695,https://purl.humanatlas.io/vocab/hp,15.206672
148,https://identifiers.org/hgnc/29114,http://purl.org/ccf/ccf_characterizes,http://purl.obolibrary.org/obo/CL_1000695,https://purl.humanatlas.io/vocab/hp,16.819507
149,https://identifiers.org/hgnc/10962,http://purl.org/ccf/ccf_characterizes,http://purl.obolibrary.org/obo/CL_1000695,https://purl.humanatlas.io/vocab/hp,9.660541
150,https://identifiers.org/hgnc/11609,http://purl.org/ccf/ccf_characterizes,http://purl.obolibrary.org/obo/CL_1000695,https://purl.humanatlas.io/vocab/hp,9.506893
151,https://identifiers.org/hgnc/6993,http://purl.org/ccf/ccf_characterizes,http://purl.obolibrary.org/obo/CL_1000695,https://purl.humanatlas.io/vocab/hp,10.790224
152,https://identifiers.org/hgnc/16935,http://purl.org/ccf/ccf_characterizes,http://purl.obolibrary.org/obo/CL_1000695,https://purl.humanatlas.io/vocab/hp,10.652364
153,https://identifiers.org/hgnc/11623,http://purl.org/ccf/ccf_characterizes,http://purl.obolibrary.org/obo/CL_1000695,https://purl.humanatlas.io/vocab/hp,12.237298
154,https://identifiers.org/hgnc/6183,http://purl.org/ccf/ccf_characterizes,http://purl.obolibrary.org/obo/CL_1000695,https://purl.humanatlas.io/vocab/hp,10.914606
155,https://identifiers.org/hgnc/2988,http://purl.org/ccf/ccf_characterizes,http://purl.obolibrary.org/obo/CL_1000695,https://purl.humanatlas.io/vocab/hp,6.852654
156,https://identifiers.org/hgnc/25491,http://purl.org/ccf/ccf_characterizes,http://purl.obolibrary.org/obo/CL_1000695,https://purl.humanatlas.io/vocab/hp,13.497203
157,https://identifiers.org/hgnc/3012,http://purl.org/ccf/ccf_characterizes,http://purl.obolibrary.org/obo/CL_1000695,https://purl.humanatlas.io/vocab/hp,10.000236
158,https://identifiers.org/hgnc/2888,http://purl.org/ccf/ccf_characterizes,http://purl.obolibrary.org/obo/CL_1000695,https://purl.humanatlas.io/vocab/hp,7.246504
159,https://identifiers.org/hgnc/21013,http://purl.org/ccf/ccf_characterizes,http://purl.obolibrary.org/obo/CL_1000695,https://purl.humanatlas.io/vocab/hp,16.959751
160,https://identifiers.org/hgnc/1346,http://purl.org/ccf/ccf_characterizes,http://purl.obolibrary.org/obo/CL_1000692,https://purl.humanatlas.io/vocab/hp,17.694018
161,https://identifiers.org/hgnc/1441,http://purl.org/ccf/ccf_characterizes,http://purl.obolibrary.org/obo/CL_1000692,https://purl.humanatlas.io/vocab/hp,13.946089
162,https://identifiers.org/hgnc/7000,http://purl.org/ccf/ccf_characterizes,http://purl.obolibrary.org/obo/CL_1000692,https://purl.humanatlas.io/vocab/hp,5.3709
163,https://identifiers.org/hgnc/13427,http://purl.org/ccf/ccf_characterizes,http://purl.obolibrary.org/obo/CL_1000692,https://purl.humanatlas.io/vocab/hp,12.052554
164,https://identifiers.org/hgnc/2198,http://purl.org/ccf/ccf_characterizes,http://purl.obolibrary.org/obo/CL_1000692,https://purl.humanatlas.io/vocab/hp,7.323373
165,https://identifiers.org/hgnc/6134,http://purl.org/ccf/ccf_characterizes,http://purl.obolibrary.org/obo/CL_1000692,https://purl.humanatlas.io/vocab/hp,6.165156
166,https://identifiers.org/hgnc/13010,http://purl.org/ccf/ccf_characterizes,http://purl.obolibrary.org/obo/CL_1000692,https://purl.humanatlas.io/vocab/hp,6.108318
167,https://identifiers.org/hgnc/8803,http://purl.org/ccf/ccf_characterizes,http://purl.obolibrary.org/obo/CL_1000692,https://purl.humanatlas.io/vocab/hp,4.947432
168,https://identifiers.org/hgnc/2705,http://purl.org/ccf/ccf_characterizes,http://purl.obolibrary.org/obo/CL_1000692,https://purl.humanatlas.io/vocab/hp,10.598956
169,https://identifiers.org/hgnc/14881,http://purl.org/ccf/ccf_characterizes,http://purl.obolibrary.org/obo/CL_1000692,https://purl.humanatlas.io/vocab/hp,4.733699
170,https://identifiers.org/hgnc/29063,http://purl.org/ccf/ccf_characterizes,http://purl.obolibrary.org/obo/CL_1000692,https://purl.humanatlas.io/vocab/hp,4.807094
171,https://identifiers.org/hgnc/15985,http://purl.org/ccf/ccf_characterizes,http://purl.obolibrary.org/obo/CL_1000692,https://purl.humanatlas.io/vocab/hp,3.390659
172,https://identifiers.org/hgnc/1750,http://purl.org/ccf/ccf_characterizes,http://purl.obolibrary.org/obo/CL_1000692,https://purl.humanatlas.io/vocab/hp,3.057026
173,https://identifiers.org/hgnc/3602,http://purl.org/ccf/ccf_characterizes,http://purl.obolibrary.org/obo/CL_1000692,https://purl.humanatlas.io/vocab/hp,3.708025
174,None,http://purl.org/ccf/ccf_characterizes,http://purl.obolibrary.org/obo/CL_1000692,https://purl.humanatlas.io/vocab/hp,
175,https://identifiers.org/hgnc/17068,http://purl.org/ccf/ccf_characterizes,http://purl.obolibrary.org/obo/CL_1000692,https://purl.humanatlas.io/vocab/hp,5.797438
176,https://identifiers.org/hgnc/2201,http://purl.org/ccf/ccf_characterizes,http://purl.obolibrary.org/obo/CL_1000692,https://purl.humanatlas.io/vocab/hp,5.963223
177,https://identifiers.org/hgnc/3126,http://purl.org/ccf/ccf_characterizes,http://purl.obolibrary.org/obo/CL_1000692,https://purl.humanatlas.io/vocab/hp,5.238037
178,https://identifiers.org/hgnc/21063,http://purl.org/ccf/ccf_characterizes,http://purl.obolibrary.org/obo/CL_1000692,https://purl.humanatlas.io/vocab/hp,3.303199
179,https://identifiers.org/hgnc/11087,http://purl.org/ccf/ccf_characterizes,http://purl.obolibrary.org/obo/CL_1000692,https://purl.humanatlas.io/vocab/hp,5.68017
180,https://identifiers.org/hgnc/10910,http://purl.org/ccf/ccf_characterizes,http://purl.obolibrary.org/obo/CL_1000909,https://purl.humanatlas.io/vocab/hp,40.67022
181,https://identifiers.org/hgnc/804,http://purl.org/ccf/ccf_characterizes,http://purl.obolibrary.org/obo/CL_1000909,https://purl.humanatlas.io/vocab/hp,31.842924
182,None,http://purl.org/ccf/ccf_characterizes,http://purl.obolibrary.org/obo/CL_1000909,https://purl.humanatlas.io/vocab/hp,
183,https://identifiers.org/hgnc/4026,http://purl.org/ccf/ccf_characterizes,http://purl.obolibrary.org/obo/CL_1000909,https://purl.humanatlas.io/vocab/hp,28.123291
184,https://identifiers.org/hgnc/12559,http://purl.org/ccf/ccf_characterizes,http://purl.obolibrary.org/obo/CL_1000909,https://purl.humanatlas.io/vocab/hp,55.893831
185,https://identifiers.org/hgnc/1645,http://purl.org/ccf/ccf_characterizes,http://purl.obolibrary.org/obo/CL_1000909,https://purl.humanatlas.io/vocab/hp,10.561049
186,https://identifiers.org/hgnc/2026,http://purl.org/ccf/ccf_characterizes,http://purl.obolibrary.org/obo/CL_1000909,https://purl.humanatlas.io/vocab/hp,5.387476
187,https://identifiers.org/hgnc/17084,http://purl.org/ccf/ccf_characterizes,http://purl.obolibrary.org/obo/CL_1000909,https://purl.humanatlas.io/vocab/hp,27.148098
188,https://identifiers.org/hgnc/8630,http://purl.org/ccf/ccf_characterizes,http://purl.obolibrary.org/obo/CL_1000909,https://purl.humanatlas.io/vocab/hp,12.523367
189,https://identifiers.org/hgnc/8051,http://purl.org/ccf/ccf_characterizes,http://purl.obolibrary.org/obo/CL_1000909,https://purl.humanatlas.io/vocab/hp,5.713299
190,https://identifiers.org/hgnc/5033,http://purl.org/ccf/ccf_characterizes,http://purl.obolibrary.org/obo/CL_1000909,https://purl.humanatlas.io/vocab/hp,10.169005
191,https://identifiers.org/hgnc/1357,http://purl.org/ccf/ccf_characterizes,http://purl.obolibrary.org/obo/CL_1000909,https://purl.humanatlas.io/vocab/hp,3.804169
192,https://identifiers.org/hgnc/6817,http://purl.org/ccf/ccf_characterizes,http://purl.obolibrary.org/obo/CL_1000909,https://purl.humanatlas.io/vocab/hp,6.095603
193,https://identifiers.org/hgnc/11033,http://purl.org/ccf/ccf_characterizes,http://purl.obolibrary.org/obo/CL_1000909,https://purl.humanatlas.io/vocab/hp,5.72291
194,https://identifiers.org/hgnc/6383,http://purl.org/ccf/ccf_characterizes,http://purl.obolibrary.org/obo/CL_1000909,https://purl.humanatlas.io/vocab/hp,5.449077
195,https://identifiers.org/hgnc/9286,http://purl.org/ccf/ccf_characterizes,http://purl.obolibrary.org/obo/CL_1000909,https://purl.humanatlas.io/vocab/hp,2.639944
196,https://identifiers.org/hgnc/6541,http://purl.org/ccf/ccf_characterizes,http://purl.obolibrary.org/obo/CL_1000909,https://purl.humanatlas.io/vocab/hp,6.049955
197,None,http://purl.org/ccf/ccf_characterizes,http://purl.obolibrary.org/obo/CL_1000909,https://purl.humanatlas.io/vocab/hp,
198,https://identifiers.org/hgnc/379,http://purl.org/ccf/ccf_characterizes,http://purl.obolibrary.org/obo/CL_1000909,https://purl.humanatlas.io/vocab/hp,9.732359
199,https://identifiers.org/hgnc/30506,http://purl.org/ccf/ccf_characterizes,http://purl.obolibrary.org/obo/CL_1000909,https://purl.humanatlas.io/vocab/hp,3.749188
200,https://identifiers.org/hgnc/6342,http://purl.org/ccf/ccf_characterizes,http://purl.obolibrary.org/obo/CL_0000097,https://purl.humanatlas.io/vocab/hp,15.912137
201,https://identifiers.org/hgnc/5988,http://purl.org/ccf/ccf_characterizes,http://purl.obolibrary.org/obo/CL_0000097,https://purl.humanatlas.io/vocab/hp,10.991289
202,https://identifiers.org/hgnc/7316,http://purl.org/ccf/ccf_characterizes,http://purl.obolibrary.org/obo/CL_0000097,https://purl.humanatlas.io/vocab/hp,15.250069
203,https://identifiers.org/hgnc/2298,http://purl.org/ccf/ccf_characterizes,http://purl.obolibrary.org/obo/CL_0000097,https://purl.humanatlas.io/vocab/hp,7.458632
204,https://identifiers.org/hgnc/10935,http://purl.org/ccf/ccf_characterizes,http://purl.obolibrary.org/obo/CL_0000097,https://purl.humanatlas.io/vocab/hp,7.444889
205,https://identifiers.org/hgnc/18041,http://purl.org/ccf/ccf_characterizes,http://purl.obolibrary.org/obo/CL_0000097,https://purl.humanatlas.io/vocab/hp,7.031492
206,https://identifiers.org/hgnc/4171,http://purl.org/ccf/ccf_characterizes,http://purl.obolibrary.org/obo/CL_0000097,https://purl.humanatlas.io/vocab/hp,9.111606
207,https://identifiers.org/hgnc/4855,http://purl.org/ccf/ccf_characterizes,http://purl.obolibrary.org/obo/CL_0000097,https://purl.humanatlas.io/vocab/hp,11.415203
208,https://identifiers.org/hgnc/10977,http://purl.org/ccf/ccf_characterizes,http://purl.obolibrary.org/obo/CL_0000097,https://purl.humanatlas.io/vocab/hp,14.091546
209,https://identifiers.org/hgnc/14120,http://purl.org/ccf/ccf_characterizes,http://purl.obolibrary.org/obo/CL_0000097,https://purl.humanatlas.io/vocab/hp,9.702109
210,https://identifiers.org/hgnc/21030,http://purl.org/ccf/ccf_characterizes,http://purl.obolibrary.org/obo/CL_0000097,https://purl.humanatlas.io/vocab/hp,4.757598
211,https://identifiers.org/hgnc/17890,http://purl.org/ccf/ccf_characterizes,http://purl.obolibrary.org/obo/CL_0000097,https://purl.humanatlas.io/vocab/hp,4.34016
212,https://identifiers.org/hgnc/10875,http://purl.org/ccf/ccf_characterizes,http://purl.obolibrary.org/obo/CL_0000097,https://purl.humanatlas.io/vocab/hp,5.52969
213,https://identifiers.org/hgnc/3823,http://purl.org/ccf/ccf_characterizes,http://purl.obolibrary.org/obo/CL_0000097,https://purl.humanatlas.io/vocab/hp,10.432656
214,https://identifiers.org/hgnc/8533,http://purl.org/ccf/ccf_characterizes,http://purl.obolibrary.org/obo/CL_0000097,https://purl.humanatlas.io/vocab/hp,4.585785
215,https://identifiers.org/hgnc/12019,http://purl.org/ccf/ccf_characterizes,http://purl.obolibrary.org/obo/CL_0000097,https://purl.humanatlas.io/vocab/hp,10.730494
216,https://identifiers.org/hgnc/2550,http://purl.org/ccf/ccf_characterizes,http://purl.obolibrary.org/obo/CL_0000097,https://purl.humanatlas.io/vocab/hp,6.330982
217,https://identifiers.org/hgnc/21035,http://purl.org/ccf/ccf_characterizes,http://purl.obolibrary.org/obo/CL_0000097,https://purl.humanatlas.io/vocab/hp,6.807077
218,https://identifiers.org/hgnc/14434,http://purl.org/ccf/ccf_characterizes,http://purl.obolibrary.org/obo/CL_0000097,https://purl.humanatlas.io/vocab/hp,3.093345
219,https://identifiers.org/hgnc/30765,http://purl.org/ccf/ccf_characterizes,http://purl.obolibrary.org/obo/CL_0000097,https://purl.humanatlas.io/vocab/hp,5.851483
220,https://identifiers.org/hgnc/9666,http://purl.org/ccf/ccf_characterizes,http://purl.obolibrary.org/obo/CL_0000576,https://purl.humanatlas.io/vocab/hp,9.513524
221,https://identifiers.org/hgnc/7600,http://purl.org/ccf/ccf_characterizes,http://purl.obolibrary.org/obo/CL_0000576,https://purl.humanatlas.io/vocab/hp,7.191982
222,https://identifiers.org/hgnc/2545,http://purl.org/ccf/ccf_characterizes,http://purl.obolibrary.org/obo/CL_0000576,https://purl.humanatlas.io/vocab/hp,7.65551
223,https://identifiers.org/hgnc/14881,http://purl.org/ccf/ccf_characterizes,http://purl.obolibrary.org/obo/CL_0000576,https://purl.humanatlas.io/vocab/hp,12.306747
224,https://identifiers.org/hgnc/9395,http://purl.org/ccf/ccf_characterizes,http://purl.obolibrary.org/obo/CL_0000576,https://purl.humanatlas.io/vocab/hp,7.120933
225,https://identifiers.org/hgnc/11917,http://purl.org/ccf/ccf_characterizes,http://purl.obolibrary.org/obo/CL_0000576,https://purl.humanatlas.io/vocab/hp,6.985329
226,https://identifiers.org/hgnc/548,http://purl.org/ccf/ccf_characterizes,http://purl.obolibrary.org/obo/CL_0000576,https://purl.humanatlas.io/vocab/hp,7.922483
227,https://identifiers.org/hgnc/13748,http://purl.org/ccf/ccf_characterizes,http://purl.obolibrary.org/obo/CL_0000576,https://purl.humanatlas.io/vocab/hp,7.354222
228,https://identifiers.org/hgnc/11609,http://purl.org/ccf/ccf_characterizes,http://purl.obolibrary.org/obo/CL_0000576,https://purl.humanatlas.io/vocab/hp,6.689997
229,https://identifiers.org/hgnc/3012,http://purl.org/ccf/ccf_characterizes,http://purl.obolibrary.org/obo/CL_0000576,https://purl.humanatlas.io/vocab/hp,9.818778
230,https://identifiers.org/hgnc/9213,http://purl.org/ccf/ccf_characterizes,http://purl.obolibrary.org/obo/CL_0000576,https://purl.humanatlas.io/vocab/hp,6.453578
231,https://identifiers.org/hgnc/2988,http://purl.org/ccf/ccf_characterizes,http://purl.obolibrary.org/obo/CL_0000576,https://purl.humanatlas.io/vocab/hp,5.623539
232,https://identifiers.org/hgnc/15925,http://purl.org/ccf/ccf_characterizes,http://purl.obolibrary.org/obo/CL_0000576,https://purl.humanatlas.io/vocab/hp,5.016225
233,https://identifiers.org/hgnc/19191,http://purl.org/ccf/ccf_characterizes,http://purl.obolibrary.org/obo/CL_0000576,https://purl.humanatlas.io/vocab/hp,5.792625
234,https://identifiers.org/hgnc/6735,http://purl.org/ccf/ccf_characterizes,http://purl.obolibrary.org/obo/CL_0000576,https://purl.humanatlas.io/vocab/hp,9.444409
235,https://identifiers.org/hgnc/1968,http://purl.org/ccf/ccf_characterizes,http://purl.obolibrary.org/obo/CL_0000576,https://purl.humanatlas.io/vocab/hp,7.676834
236,https://identifiers.org/hgnc/4036,http://purl.org/ccf/ccf_characterizes,http://purl.obolibrary.org/obo/CL_0000576,https://purl.humanatlas.io/vocab/hp,5.718985
237,https://identifiers.org/hgnc/4840,http://purl.org/ccf/ccf_characterizes,http://purl.obolibrary.org/obo/CL_0000576,https://purl.humanatlas.io/vocab/hp,4.266088
238,https://identifiers.org/hgnc/18304,http://purl.org/ccf/ccf_characterizes,http://purl.obolibrary.org/obo/CL_0000576,https://purl.humanatlas.io/vocab/hp,5.5323
239,https://identifiers.org/hgnc/6923,http://purl.org/ccf/ccf_characterizes,http://purl.obolibrary.org/obo/CL_0000576,https://purl.humanatlas.io/vocab/hp,8.715047
240,https://identifiers.org/hgnc/1928,http://purl.org/ccf/ccf_characterizes,http://purl.obolibrary.org/obo/CL_0000113,https://purl.humanatlas.io/vocab/hp,15.857817
241,https://identifiers.org/hgnc/23405,http://purl.org/ccf/ccf_characterizes,http://purl.obolibrary.org/obo/CL_0000113,https://purl.humanatlas.io/vocab/hp,25.353959
242,https://identifiers.org/hgnc/21013,http://purl.org/ccf/ccf_characterizes,http://purl.obolibrary.org/obo/CL_0000113,https://purl.humanatlas.io/vocab/hp,32.006002
243,https://identifiers.org/hgnc/7067,http://purl.org/ccf/ccf_characterizes,http://purl.obolibrary.org/obo/CL_0000113,https://purl.humanatlas.io/vocab/hp,8.651449
244,https://identifiers.org/hgnc/19341,http://purl.org/ccf/ccf_characterizes,http://purl.obolibrary.org/obo/CL_0000113,https://purl.humanatlas.io/vocab/hp,10.921939
245,https://identifiers.org/hgnc/25216,http://purl.org/ccf/ccf_characterizes,http://purl.obolibrary.org/obo/CL_0000113,https://purl.humanatlas.io/vocab/hp,9.239409
246,https://identifiers.org/hgnc/6993,http://purl.org/ccf/ccf_characterizes,http://purl.obolibrary.org/obo/CL_0000113,https://purl.humanatlas.io/vocab/hp,12.110601
247,https://identifiers.org/hgnc/6923,http://purl.org/ccf/ccf_characterizes,http://purl.obolibrary.org/obo/CL_0000113,https://purl.humanatlas.io/vocab/hp,17.984556
248,https://identifiers.org/hgnc/16286,http://purl.org/ccf/ccf_characterizes,http://purl.obolibrary.org/obo/CL_0000113,https://purl.humanatlas.io/vocab/hp,16.829603
249,https://identifiers.org/hgnc/25259,http://purl.org/ccf/ccf_characterizes,http://purl.obolibrary.org/obo/CL_0000113,https://purl.humanatlas.io/vocab/hp,9.274939
250,https://identifiers.org/hgnc/21030,http://purl.org/ccf/ccf_characterizes,http://purl.obolibrary.org/obo/CL_0000113,https://purl.humanatlas.io/vocab/hp,10.297903
251,https://identifiers.org/hgnc/1224,http://purl.org/ccf/ccf_characterizes,http://purl.obolibrary.org/obo/CL_0000113,https://purl.humanatlas.io/vocab/hp,15.330733
252,https://identifiers.org/hgnc/1309,http://purl.org/ccf/ccf_characterizes,http://purl.obolibrary.org/obo/CL_0000113,https://purl.humanatlas.io/vocab/hp,11.334855
253,https://identifiers.org/hgnc/11068,http://purl.org/ccf/ccf_characterizes,http://purl.obolibrary.org/obo/CL_0000113,https://purl.humanatlas.io/vocab/hp,24.063811
254,https://identifiers.org/hgnc/2888,http://purl.org/ccf/ccf_characterizes,http://purl.obolibrary.org/obo/CL_0000113,https://purl.humanatlas.io/vocab/hp,8.587033
255,https://identifiers.org/hgnc/17422,http://purl.org/ccf/ccf_characterizes,http://purl.obolibrary.org/obo/CL_0000113,https://purl.humanatlas.io/vocab/hp,14.232519
256,https://identifiers.org/hgnc/3012,http://purl.org/ccf/ccf_characterizes,http://purl.obolibrary.org/obo/CL_0000113,https://purl.humanatlas.io/vocab/hp,14.687282
257,https://identifiers.org/hgnc/3823,http://purl.org/ccf/ccf_characterizes,http://purl.obolibrary.org/obo/CL_0000113,https://purl.humanatlas.io/vocab/hp,13.205779
258,https://identifiers.org/hgnc/19191,http://purl.org/ccf/ccf_characterizes,http://purl.obolibrary.org/obo/CL_0000113,https://purl.humanatlas.io/vocab/hp,9.836821
259,https://identifiers.org/hgnc/3495,http://purl.org/ccf/ccf_characterizes,http://purl.obolibrary.org/obo/CL_0000113,https://purl.humanatlas.io/vocab/hp,11.650959
260,https://identifiers.org/hgnc/914,http://purl.org/ccf/ccf_characterizes,http://purl.obolibrary.org/obo/CL_0000775,https://purl.humanatlas.io/vocab/hp,38.652737
261,https://identifiers.org/hgnc/2439,http://purl.org/ccf/ccf_characterizes,http://purl.obolibrary.org/obo/CL_0000775,https://purl.humanatlas.io/vocab/hp,14.300804
262,https://identifiers.org/hgnc/3620,http://purl.org/ccf/ccf_characterizes,http://purl.obolibrary.org/obo/CL_0000775,https://purl.humanatlas.io/vocab/hp,12.60514
263,https://identifiers.org/hgnc/5413,http://purl.org/ccf/ccf_characterizes,http://purl.obolibrary.org/obo/CL_0000775,https://purl.humanatlas.io/vocab/hp,19.415243
264,https://identifiers.org/hgnc/13872,http://purl.org/ccf/ccf_characterizes,http://purl.obolibrary.org/obo/CL_0000775,https://purl.humanatlas.io/vocab/hp,17.59532
265,https://identifiers.org/hgnc/9666,http://purl.org/ccf/ccf_characterizes,http://purl.obolibrary.org/obo/CL_0000775,https://purl.humanatlas.io/vocab/hp,13.104297
266,https://identifiers.org/hgnc/6735,http://purl.org/ccf/ccf_characterizes,http://purl.obolibrary.org/obo/CL_0000775,https://purl.humanatlas.io/vocab/hp,12.588773
267,https://identifiers.org/hgnc/17073,http://purl.org/ccf/ccf_characterizes,http://purl.obolibrary.org/obo/CL_0000775,https://purl.humanatlas.io/vocab/hp,15.850273
268,https://identifiers.org/hgnc/7183,http://purl.org/ccf/ccf_characterizes,http://purl.obolibrary.org/obo/CL_0000775,https://purl.humanatlas.io/vocab/hp,10.517496
269,https://identifiers.org/hgnc/29090,http://purl.org/ccf/ccf_characterizes,http://purl.obolibrary.org/obo/CL_0000775,https://purl.humanatlas.io/vocab/hp,14.306248
270,https://identifiers.org/hgnc/11185,http://purl.org/ccf/ccf_characterizes,http://purl.obolibrary.org/obo/CL_0000775,https://purl.humanatlas.io/vocab/hp,12.079677
271,https://identifiers.org/hgnc/2545,http://purl.org/ccf/ccf_characterizes,http://purl.obolibrary.org/obo/CL_0000775,https://purl.humanatlas.io/vocab/hp,6.079885
272,https://identifiers.org/hgnc/30092,http://purl.org/ccf/ccf_characterizes,http://purl.obolibrary.org/obo/CL_0000775,https://purl.humanatlas.io/vocab/hp,25.108262
273,https://identifiers.org/hgnc/30580,http://purl.org/ccf/ccf_characterizes,http://purl.obolibrary.org/obo/CL_0000775,https://purl.humanatlas.io/vocab/hp,12.636124
274,https://identifiers.org/hgnc/16841,http://purl.org/ccf/ccf_characterizes,http://purl.obolibrary.org/obo/CL_0000775,https://purl.humanatlas.io/vocab/hp,11.462456
275,https://identifiers.org/hgnc/21030,http://purl.org/ccf/ccf_characterizes,http://purl.obolibrary.org/obo/CL_0000775,https://purl.humanatlas.io/vocab/hp,12.283482
276,https://identifiers.org/hgnc/25216,http://purl.org/ccf/ccf_characterizes,http://purl.obolibrary.org/obo/CL_0000775,https://purl.humanatlas.io/vocab/hp,8.883517
277,https://identifiers.org/hgnc/6761,http://purl.org/ccf/ccf_characterizes,http://purl.obolibrary.org/obo/CL_0000775,https://purl.humanatlas.io/vocab/hp,6.370238
278,https://identifiers.org/hgnc/7600,http://purl.org/ccf/ccf_characterizes,http://purl.obolibrary.org/obo/CL_0000775,https://purl.humanatlas.io/vocab/hp,8.884405
279,https://identifiers.org/hgnc/4036,http://purl.org/ccf/ccf_characterizes,http://purl.obolibrary.org/obo/CL_0000775,https://purl.humanatlas.io/vocab/hp,6.895165
280,https://identifiers.org/hgnc/10372,http://purl.org/ccf/ccf_characterizes,http://purl.obolibrary.org/obo/CL_1000597,https://purl.humanatlas.io/vocab/hp,100.713015
281,https://identifiers.org/hgnc/10303,http://purl.org/ccf/ccf_characterizes,http://purl.obolibrary.org/obo/CL_1000597,https://purl.humanatlas.io/vocab/hp,74.453385
282,https://identifiers.org/hgnc/10496,http://purl.org/ccf/ccf_characterizes,http://purl.obolibrary.org/obo/CL_1000597,https://purl.humanatlas.io/vocab/hp,82.356113
283,https://identifiers.org/hgnc/10401,http://purl.org/ccf/ccf_characterizes,http://purl.obolibrary.org/obo/CL_1000597,https://purl.humanatlas.io/vocab/hp,59.410725
284,https://identifiers.org/hgnc/11244,http://purl.org/ccf/ccf_characterizes,http://purl.obolibrary.org/obo/CL_1000597,https://purl.humanatlas.io/vocab/hp,41.748238
285,https://identifiers.org/hgnc/18349,http://purl.org/ccf/ccf_characterizes,http://purl.obolibrary.org/obo/CL_1000597,https://purl.humanatlas.io/vocab/hp,37.336414
286,https://identifiers.org/hgnc/6436,http://purl.org/ccf/ccf_characterizes,http://purl.obolibrary.org/obo/CL_1000597,https://purl.humanatlas.io/vocab/hp,36.736279
287,https://identifiers.org/hgnc/10330,http://purl.org/ccf/ccf_characterizes,http://purl.obolibrary.org/obo/CL_1000597,https://purl.humanatlas.io/vocab/hp,35.794384
288,https://identifiers.org/hgnc/10301,http://purl.org/ccf/ccf_characterizes,http://purl.obolibrary.org/obo/CL_1000597,https://purl.humanatlas.io/vocab/hp,39.961676
289,https://identifiers.org/hgnc/10411,http://purl.org/ccf/ccf_characterizes,http://purl.obolibrary.org/obo/CL_1000597,https://purl.humanatlas.io/vocab/hp,36.949696
290,https://identifiers.org/hgnc/10404,http://purl.org/ccf/ccf_characterizes,http://purl.obolibrary.org/obo/CL_1000597,https://purl.humanatlas.io/vocab/hp,39.330397
291,https://identifiers.org/hgnc/10387,http://purl.org/ccf/ccf_characterizes,http://purl.obolibrary.org/obo/CL_1000597,https://purl.humanatlas.io/vocab/hp,35.679318
292,https://identifiers.org/hgnc/10417,http://purl.org/ccf/ccf_characterizes,http://purl.obolibrary.org/obo/CL_1000597,https://purl.humanatlas.io/vocab/hp,36.069082
293,https://identifiers.org/hgnc/10332,http://purl.org/ccf/ccf_characterizes,http://purl.obolibrary.org/obo/CL_1000597,https://purl.humanatlas.io/vocab/hp,42.404824
294,https://identifiers.org/hgnc/10402,http://purl.org/ccf/ccf_characterizes,http://purl.obolibrary.org/obo/CL_1000597,https://purl.humanatlas.io/vocab/hp,31.358609
295,https://identifiers.org/hgnc/10310,http://purl.org/ccf/ccf_characterizes,http://purl.obolibrary.org/obo/CL_1000597,https://purl.humanatlas.io/vocab/hp,30.462554
296,https://identifiers.org/hgnc/10364,http://purl.org/ccf/ccf_characterizes,http://purl.obolibrary.org/obo/CL_1000597,https://purl.humanatlas.io/vocab/hp,34.567047
297,https://identifiers.org/hgnc/10298,http://purl.org/ccf/ccf_characterizes,http://purl.obolibrary.org/obo/CL_1000597,https://purl.humanatlas.io/vocab/hp,38.169201
298,https://identifiers.org/hgnc/10424,http://purl.org/ccf/ccf_characterizes,http://purl.obolibrary.org/obo/CL_1000597,https://purl.humanatlas.io/vocab/hp,33.403853
299,https://identifiers.org/hgnc/10333,http://purl.org/ccf/ccf_characterizes,http://purl.obolibrary.org/obo/CL_1000597,https://purl.humanatlas.io/vocab/hp,32.333059
300,https://identifiers.org/hgnc/15472,http://purl.org/ccf/ccf_characterizes,http://purl.obolibrary.org/obo/CL_1000452,https://purl.humanatlas.io/vocab/hp,17.497338
301,https://identifiers.org/hgnc/25491,http://purl.org/ccf/ccf_characterizes,http://purl.obolibrary.org/obo/CL_1000452,https://purl.humanatlas.io/vocab/hp,13.56044
302,https://identifiers.org/hgnc/50753,http://purl.org/ccf/ccf_characterizes,http://purl.obolibrary.org/obo/CL_1000452,https://purl.humanatlas.io/vocab/hp,8.496114
303,https://identifiers.org/hgnc/18222,http://purl.org/ccf/ccf_characterizes,http://purl.obolibrary.org/obo/CL_1000452,https://purl.humanatlas.io/vocab/hp,17.911592
304,https://identifiers.org/hgnc/17089,http://purl.org/ccf/ccf_characterizes,http://purl.obolibrary.org/obo/CL_1000452,https://purl.humanatlas.io/vocab/hp,17.343649
305,https://identifiers.org/hgnc/16700,http://purl.org/ccf/ccf_characterizes,http://purl.obolibrary.org/obo/CL_1000452,https://purl.humanatlas.io/vocab/hp,3.898046
306,https://identifiers.org/hgnc/16395,http://purl.org/ccf/ccf_characterizes,http://purl.obolibrary.org/obo/CL_1000452,https://purl.humanatlas.io/vocab/hp,5.516974
307,https://identifiers.org/hgnc/18141,http://purl.org/ccf/ccf_characterizes,http://purl.obolibrary.org/obo/CL_1000452,https://purl.humanatlas.io/vocab/hp,8.905026
308,https://identifiers.org/hgnc/29944,http://purl.org/ccf/ccf_characterizes,http://purl.obolibrary.org/obo/CL_1000452,https://purl.humanatlas.io/vocab/hp,3.445445
309,https://identifiers.org/hgnc/11087,http://purl.org/ccf/ccf_characterizes,http://purl.obolibrary.org/obo/CL_1000452,https://purl.humanatlas.io/vocab/hp,6.493135
310,https://identifiers.org/hgnc/1049,http://purl.org/ccf/ccf_characterizes,http://purl.obolibrary.org/obo/CL_1000452,https://purl.humanatlas.io/vocab/hp,5.881029
311,https://identifiers.org/hgnc/7999,http://purl.org/ccf/ccf_characterizes,http://purl.obolibrary.org/obo/CL_1000452,https://purl.humanatlas.io/vocab/hp,7.120196
312,https://identifiers.org/hgnc/18866,http://purl.org/ccf/ccf_characterizes,http://purl.obolibrary.org/obo/CL_1000452,https://purl.humanatlas.io/vocab/hp,3.027686
313,https://identifiers.org/hgnc/6286,http://purl.org/ccf/ccf_characterizes,http://purl.obolibrary.org/obo/CL_1000452,https://purl.humanatlas.io/vocab/hp,3.758234
314,https://identifiers.org/hgnc/13010,http://purl.org/ccf/ccf_characterizes,http://purl.obolibrary.org/obo/CL_1000452,https://purl.humanatlas.io/vocab/hp,4.761311
315,https://identifiers.org/hgnc/29075,http://purl.org/ccf/ccf_characterizes,http://purl.obolibrary.org/obo/CL_1000452,https://purl.humanatlas.io/vocab/hp,2.945949
316,https://identifiers.org/hgnc/15679,http://purl.org/ccf/ccf_characterizes,http://purl.obolibrary.org/obo/CL_1000452,https://purl.humanatlas.io/vocab/hp,3.7062
317,https://identifiers.org/hgnc/4883,http://purl.org/ccf/ccf_characterizes,http://purl.obolibrary.org/obo/CL_1000452,https://purl.humanatlas.io/vocab/hp,4.153655
318,https://identifiers.org/hgnc/48724,http://purl.org/ccf/ccf_characterizes,http://purl.obolibrary.org/obo/CL_1000452,https://purl.humanatlas.io/vocab/hp,2.058419
319,https://identifiers.org/hgnc/8774,http://purl.org/ccf/ccf_characterizes,http://purl.obolibrary.org/obo/CL_1000452,https://purl.humanatlas.io/vocab/hp,12.368373
320,https://identifiers.org/hgnc/16712,http://purl.org/ccf/ccf_characterizes,http://purl.obolibrary.org/obo/CL_0000786,https://purl.humanatlas.io/vocab/hp,19.258604
321,https://identifiers.org/hgnc/24670,http://purl.org/ccf/ccf_characterizes,http://purl.obolibrary.org/obo/CL_0000786,https://purl.humanatlas.io/vocab/hp,22.339271
322,https://identifiers.org/hgnc/28338,http://purl.org/ccf/ccf_characterizes,http://purl.obolibrary.org/obo/CL_0000786,https://purl.humanatlas.io/vocab/hp,10.302175
323,https://identifiers.org/hgnc/18650,http://purl.org/ccf/ccf_characterizes,http://purl.obolibrary.org/obo/CL_0000786,https://purl.humanatlas.io/vocab/hp,8.740957
324,https://identifiers.org/hgnc/21073,http://purl.org/ccf/ccf_characterizes,http://purl.obolibrary.org/obo/CL_0000786,https://purl.humanatlas.io/vocab/hp,11.055054
325,https://identifiers.org/hgnc/22962,http://purl.org/ccf/ccf_characterizes,http://purl.obolibrary.org/obo/CL_0000786,https://purl.humanatlas.io/vocab/hp,11.866533
326,https://identifiers.org/hgnc/20296,http://purl.org/ccf/ccf_characterizes,http://purl.obolibrary.org/obo/CL_0000786,https://purl.humanatlas.io/vocab/hp,10.177702
327,https://identifiers.org/hgnc/4019,http://purl.org/ccf/ccf_characterizes,http://purl.obolibrary.org/obo/CL_0000786,https://purl.humanatlas.io/vocab/hp,8.889572
328,https://identifiers.org/hgnc/43910,http://purl.org/ccf/ccf_characterizes,http://purl.obolibrary.org/obo/CL_0000786,https://purl.humanatlas.io/vocab/hp,11.622033
329,https://identifiers.org/hgnc/18713,http://purl.org/ccf/ccf_characterizes,http://purl.obolibrary.org/obo/CL_0000786,https://purl.humanatlas.io/vocab/hp,13.739971
330,https://identifiers.org/hgnc/12005,http://purl.org/ccf/ccf_characterizes,http://purl.obolibrary.org/obo/CL_0000786,https://purl.humanatlas.io/vocab/hp,7.203622
331,https://identifiers.org/hgnc/29108,http://purl.org/ccf/ccf_characterizes,http://purl.obolibrary.org/obo/CL_0000786,https://purl.humanatlas.io/vocab/hp,6.971334
332,https://identifiers.org/hgnc/29114,http://purl.org/ccf/ccf_characterizes,http://purl.obolibrary.org/obo/CL_0000786,https://purl.humanatlas.io/vocab/hp,12.271801
333,https://identifiers.org/hgnc/4410,http://purl.org/ccf/ccf_characterizes,http://purl.obolibrary.org/obo/CL_0000786,https://purl.humanatlas.io/vocab/hp,8.068948
334,https://identifiers.org/hgnc/7598,http://purl.org/ccf/ccf_characterizes,http://purl.obolibrary.org/obo/CL_0000786,https://purl.humanatlas.io/vocab/hp,7.521729
335,https://identifiers.org/hgnc/1928,http://purl.org/ccf/ccf_characterizes,http://purl.obolibrary.org/obo/CL_0000786,https://purl.humanatlas.io/vocab/hp,6.696004
336,https://identifiers.org/hgnc/12799,http://purl.org/ccf/ccf_characterizes,http://purl.obolibrary.org/obo/CL_0000786,https://purl.humanatlas.io/vocab/hp,17.989818
337,https://identifiers.org/hgnc/7670,http://purl.org/ccf/ccf_characterizes,http://purl.obolibrary.org/obo/CL_0000786,https://purl.humanatlas.io/vocab/hp,8.57876
338,https://identifiers.org/hgnc/20256,http://purl.org/ccf/ccf_characterizes,http://purl.obolibrary.org/obo/CL_0000786,https://purl.humanatlas.io/vocab/hp,6.264284
339,https://identifiers.org/hgnc/9903,http://purl.org/ccf/ccf_characterizes,http://purl.obolibrary.org/obo/CL_0000786,https://purl.humanatlas.io/vocab/hp,9.610128
340,https://identifiers.org/hgnc/9042,http://purl.org/ccf/ccf_characterizes,http://purl.obolibrary.org/obo/CL_0000653,https://purl.humanatlas.io/vocab/hp,39.429572
341,https://identifiers.org/hgnc/9678,http://purl.org/ccf/ccf_characterizes,http://purl.obolibrary.org/obo/CL_0000653,https://purl.humanatlas.io/vocab/hp,46.779736
342,https://identifiers.org/hgnc/7908,http://purl.org/ccf/ccf_characterizes,http://purl.obolibrary.org/obo/CL_0000653,https://purl.humanatlas.io/vocab/hp,17.51614
343,https://identifiers.org/hgnc/17175,http://purl.org/ccf/ccf_characterizes,http://purl.obolibrary.org/obo/CL_0000653,https://purl.humanatlas.io/vocab/hp,12.840583
344,https://identifiers.org/hgnc/7154,http://purl.org/ccf/ccf_characterizes,http://purl.obolibrary.org/obo/CL_0000653,https://purl.humanatlas.io/vocab/hp,16.806572
345,https://identifiers.org/hgnc/13394,http://purl.org/ccf/ccf_characterizes,http://purl.obolibrary.org/obo/CL_0000653,https://purl.humanatlas.io/vocab/hp,13.274338
346,https://identifiers.org/hgnc/18957,http://purl.org/ccf/ccf_characterizes,http://purl.obolibrary.org/obo/CL_0000653,https://purl.humanatlas.io/vocab/hp,136.384712
347,https://identifiers.org/hgnc/13517,http://purl.org/ccf/ccf_characterizes,http://purl.obolibrary.org/obo/CL_0000653,https://purl.humanatlas.io/vocab/hp,15.011993
348,https://identifiers.org/hgnc/9679,http://purl.org/ccf/ccf_characterizes,http://purl.obolibrary.org/obo/CL_0000653,https://purl.humanatlas.io/vocab/hp,35.406186
349,https://identifiers.org/hgnc/16932,http://purl.org/ccf/ccf_characterizes,http://purl.obolibrary.org/obo/CL_0000653,https://purl.humanatlas.io/vocab/hp,17.706266
350,https://identifiers.org/hgnc/2204,http://purl.org/ccf/ccf_characterizes,http://purl.obolibrary.org/obo/CL_0000653,https://purl.humanatlas.io/vocab/hp,13.198716
351,https://identifiers.org/hgnc/19343,http://purl.org/ccf/ccf_characterizes,http://purl.obolibrary.org/obo/CL_0000653,https://purl.humanatlas.io/vocab/hp,31.633848
352,https://identifiers.org/hgnc/23319,http://purl.org/ccf/ccf_characterizes,http://purl.obolibrary.org/obo/CL_0000653,https://purl.humanatlas.io/vocab/hp,13.830625
353,https://identifiers.org/hgnc/14446,http://purl.org/ccf/ccf_characterizes,http://purl.obolibrary.org/obo/CL_0000653,https://purl.humanatlas.io/vocab/hp,18.646338
354,https://identifiers.org/hgnc/6111,http://purl.org/ccf/ccf_characterizes,http://purl.obolibrary.org/obo/CL_0000653,https://purl.humanatlas.io/vocab/hp,9.774815
355,https://identifiers.org/hgnc/14074,http://purl.org/ccf/ccf_characterizes,http://purl.obolibrary.org/obo/CL_0000653,https://purl.humanatlas.io/vocab/hp,7.474391
356,https://identifiers.org/hgnc/11774,http://purl.org/ccf/ccf_characterizes,http://purl.obolibrary.org/obo/CL_0000653,https://purl.humanatlas.io/vocab/hp,9.852115
357,https://identifiers.org/hgnc/9171,http://purl.org/ccf/ccf_characterizes,http://purl.obolibrary.org/obo/CL_0000653,https://purl.humanatlas.io/vocab/hp,31.392796
358,https://identifiers.org/hgnc/19311,http://purl.org/ccf/ccf_characterizes,http://purl.obolibrary.org/obo/CL_0000653,https://purl.humanatlas.io/vocab/hp,15.379342
359,https://identifiers.org/hgnc/19846,http://purl.org/ccf/ccf_characterizes,http://purl.obolibrary.org/obo/CL_0000653,https://purl.humanatlas.io/vocab/hp,7.702469
360,https://identifiers.org/hgnc/2548,http://purl.org/ccf/ccf_characterizes,http://purl.obolibrary.org/obo/CL_0002306,https://purl.humanatlas.io/vocab/hp,23.576241
361,https://identifiers.org/hgnc/32017,http://purl.org/ccf/ccf_characterizes,http://purl.obolibrary.org/obo/CL_0002306,https://purl.humanatlas.io/vocab/hp,22.79068
362,https://identifiers.org/hgnc/6694,http://purl.org/ccf/ccf_characterizes,http://purl.obolibrary.org/obo/CL_0002306,https://purl.humanatlas.io/vocab/hp,20.164607
363,https://identifiers.org/hgnc/10929,http://purl.org/ccf/ccf_characterizes,http://purl.obolibrary.org/obo/CL_0002306,https://purl.humanatlas.io/vocab/hp,8.085001
364,https://identifiers.org/hgnc/17224,http://purl.org/ccf/ccf_characterizes,http://purl.obolibrary.org/obo/CL_0002306,https://purl.humanatlas.io/vocab/hp,13.549676
365,https://identifiers.org/hgnc/30931,http://purl.org/ccf/ccf_characterizes,http://purl.obolibrary.org/obo/CL_0002306,https://purl.humanatlas.io/vocab/hp,20.077244
366,https://identifiers.org/hgnc/9609,http://purl.org/ccf/ccf_characterizes,http://purl.obolibrary.org/obo/CL_0002306,https://purl.humanatlas.io/vocab/hp,16.583787
367,https://identifiers.org/hgnc/2557,http://purl.org/ccf/ccf_characterizes,http://purl.obolibrary.org/obo/CL_0002306,https://purl.humanatlas.io/vocab/hp,9.746909
368,https://identifiers.org/hgnc/3701,http://purl.org/ccf/ccf_characterizes,http://purl.obolibrary.org/obo/CL_0002306,https://purl.humanatlas.io/vocab/hp,15.6477
369,https://identifiers.org/hgnc/23405,http://purl.org/ccf/ccf_characterizes,http://purl.obolibrary.org/obo/CL_0002306,https://purl.humanatlas.io/vocab/hp,12.768658
370,https://identifiers.org/hgnc/23520,http://purl.org/ccf/ccf_characterizes,http://purl.obolibrary.org/obo/CL_0002306,https://purl.humanatlas.io/vocab/hp,8.048892
371,https://identifiers.org/hgnc/14430,http://purl.org/ccf/ccf_characterizes,http://purl.obolibrary.org/obo/CL_0002306,https://purl.humanatlas.io/vocab/hp,8.084742
372,https://identifiers.org/hgnc/9016,http://purl.org/ccf/ccf_characterizes,http://purl.obolibrary.org/obo/CL_0002306,https://purl.humanatlas.io/vocab/hp,23.014551
373,https://identifiers.org/hgnc/17992,http://purl.org/ccf/ccf_characterizes,http://purl.obolibrary.org/obo/CL_0002306,https://purl.humanatlas.io/vocab/hp,8.593418
374,https://identifiers.org/hgnc/14291,http://purl.org/ccf/ccf_characterizes,http://purl.obolibrary.org/obo/CL_0002306,https://purl.humanatlas.io/vocab/hp,7.440221
375,https://identifiers.org/hgnc/30988,http://purl.org/ccf/ccf_characterizes,http://purl.obolibrary.org/obo/CL_0002306,https://purl.humanatlas.io/vocab/hp,7.18221
376,https://identifiers.org/hgnc/30542,http://purl.org/ccf/ccf_characterizes,http://purl.obolibrary.org/obo/CL_0002306,https://purl.humanatlas.io/vocab/hp,10.973283
377,https://identifiers.org/hgnc/26677,http://purl.org/ccf/ccf_characterizes,http://purl.obolibrary.org/obo/CL_0002306,https://purl.humanatlas.io/vocab/hp,5.24548
378,https://identifiers.org/hgnc/9668,http://purl.org/ccf/ccf_characterizes,http://purl.obolibrary.org/obo/CL_0002306,https://purl.humanatlas.io/vocab/hp,5.837485
379,https://identifiers.org/hgnc/16051,http://purl.org/ccf/ccf_characterizes,http://purl.obolibrary.org/obo/CL_0002306,https://purl.humanatlas.io/vocab/hp,11.962546
380,https://identifiers.org/hgnc/7569,http://purl.org/ccf/ccf_characterizes,http://purl.obolibrary.org/obo/CL_1001318,https://purl.humanatlas.io/vocab/hp,26.396547
381,https://identifiers.org/hgnc/1441,http://purl.org/ccf/ccf_characterizes,http://purl.obolibrary.org/obo/CL_1001318,https://purl.humanatlas.io/vocab/hp,15.29198
382,None,http://purl.org/ccf/ccf_characterizes,http://purl.obolibrary.org/obo/CL_1001318,https://purl.humanatlas.io/vocab/hp,
383,https://identifiers.org/hgnc/3754,http://purl.org/ccf/ccf_characterizes,http://purl.obolibrary.org/obo/CL_1001318,https://purl.humanatlas.io/vocab/hp,15.637002
384,https://identifiers.org/hgnc/12010,http://purl.org/ccf/ccf_characterizes,http://purl.obolibrary.org/obo/CL_1001318,https://purl.humanatlas.io/vocab/hp,18.085929
385,https://identifiers.org/hgnc/12011,http://purl.org/ccf/ccf_characterizes,http://purl.obolibrary.org/obo/CL_1001318,https://purl.humanatlas.io/vocab/hp,15.20095
386,https://identifiers.org/hgnc/9414,http://purl.org/ccf/ccf_characterizes,http://purl.obolibrary.org/obo/CL_1001318,https://purl.humanatlas.io/vocab/hp,17.43865
387,https://identifiers.org/hgnc/6679,http://purl.org/ccf/ccf_characterizes,http://purl.obolibrary.org/obo/CL_1001318,https://purl.humanatlas.io/vocab/hp,14.058351
388,https://identifiers.org/hgnc/1390,http://purl.org/ccf/ccf_characterizes,http://purl.obolibrary.org/obo/CL_1001318,https://purl.humanatlas.io/vocab/hp,12.652874
389,https://identifiers.org/hgnc/11553,http://purl.org/ccf/ccf_characterizes,http://purl.obolibrary.org/obo/CL_1001318,https://purl.humanatlas.io/vocab/hp,12.994378
390,https://identifiers.org/hgnc/3126,http://purl.org/ccf/ccf_characterizes,http://purl.obolibrary.org/obo/CL_1001318,https://purl.humanatlas.io/vocab/hp,8.060496
391,https://identifiers.org/hgnc/130,http://purl.org/ccf/ccf_characterizes,http://purl.obolibrary.org/obo/CL_1001318,https://purl.humanatlas.io/vocab/hp,7.560217
392,https://identifiers.org/hgnc/11087,http://purl.org/ccf/ccf_characterizes,http://purl.obolibrary.org/obo/CL_1001318,https://purl.humanatlas.io/vocab/hp,10.651186
393,https://identifiers.org/hgnc/8804,http://purl.org/ccf/ccf_characterizes,http://purl.obolibrary.org/obo/CL_1001318,https://purl.humanatlas.io/vocab/hp,5.263263
394,https://identifiers.org/hgnc/17732,http://purl.org/ccf/ccf_characterizes,http://purl.obolibrary.org/obo/CL_1001318,https://purl.humanatlas.io/vocab/hp,6.373165
395,https://identifiers.org/hgnc/11220,http://purl.org/ccf/ccf_characterizes,http://purl.obolibrary.org/obo/CL_1001318,https://purl.humanatlas.io/vocab/hp,6.845049
396,https://identifiers.org/hgnc/2897,http://purl.org/ccf/ccf_characterizes,http://purl.obolibrary.org/obo/CL_1001318,https://purl.humanatlas.io/vocab/hp,8.699148
397,https://identifiers.org/hgnc/8778,http://purl.org/ccf/ccf_characterizes,http://purl.obolibrary.org/obo/CL_1001318,https://purl.humanatlas.io/vocab/hp,5.362276
398,https://identifiers.org/hgnc/7237,http://purl.org/ccf/ccf_characterizes,http://purl.obolibrary.org/obo/CL_1001318,https://purl.humanatlas.io/vocab/hp,2.20307
399,https://identifiers.org/hgnc/8748,http://purl.org/ccf/ccf_characterizes,http://purl.obolibrary.org/obo/CL_1001318,https://purl.humanatlas.io/vocab/hp,8.202367
400,https://identifiers.org/hgnc/9666,http://purl.org/ccf/ccf_characterizes,http://purl.obolibrary.org/obo/CL_0000084,https://purl.humanatlas.io/vocab/hp,11.773979
401,https://identifiers.org/hgnc/6923,http://purl.org/ccf/ccf_characterizes,http://purl.obolibrary.org/obo/CL_0000084,https://purl.humanatlas.io/vocab/hp,15.869424
402,https://identifiers.org/hgnc/2550,http://purl.org/ccf/ccf_characterizes,http://purl.obolibrary.org/obo/CL_0000084,https://purl.humanatlas.io/vocab/hp,12.305445
403,https://identifiers.org/hgnc/21030,http://purl.org/ccf/ccf_characterizes,http://purl.obolibrary.org/obo/CL_0000084,https://purl.humanatlas.io/vocab/hp,12.484045
404,https://identifiers.org/hgnc/13176,http://purl.org/ccf/ccf_characterizes,http://purl.obolibrary.org/obo/CL_0000084,https://purl.humanatlas.io/vocab/hp,7.813863
405,https://identifiers.org/hgnc/15605,http://purl.org/ccf/ccf_characterizes,http://purl.obolibrary.org/obo/CL_0000084,https://purl.humanatlas.io/vocab/hp,10.203514
406,https://identifiers.org/hgnc/25259,http://purl.org/ccf/ccf_characterizes,http://purl.obolibrary.org/obo/CL_0000084,https://purl.humanatlas.io/vocab/hp,8.020461
407,https://identifiers.org/hgnc/1585,http://purl.org/ccf/ccf_characterizes,http://purl.obolibrary.org/obo/CL_0000084,https://purl.humanatlas.io/vocab/hp,11.084089
408,https://identifiers.org/hgnc/13222,http://purl.org/ccf/ccf_characterizes,http://purl.obolibrary.org/obo/CL_0000084,https://purl.humanatlas.io/vocab/hp,7.85483
409,https://identifiers.org/hgnc/9403,http://purl.org/ccf/ccf_characterizes,http://purl.obolibrary.org/obo/CL_0000084,https://purl.humanatlas.io/vocab/hp,8.193441
410,https://identifiers.org/hgnc/8997,http://purl.org/ccf/ccf_characterizes,http://purl.obolibrary.org/obo/CL_0000084,https://purl.humanatlas.io/vocab/hp,8.613873
411,https://identifiers.org/hgnc/13872,http://purl.org/ccf/ccf_characterizes,http://purl.obolibrary.org/obo/CL_0000084,https://purl.humanatlas.io/vocab/hp,7.52149
412,https://identifiers.org/hgnc/4037,http://purl.org/ccf/ccf_characterizes,http://purl.obolibrary.org/obo/CL_0000084,https://purl.humanatlas.io/vocab/hp,7.821055
413,https://identifiers.org/hgnc/17422,http://purl.org/ccf/ccf_characterizes,http://purl.obolibrary.org/obo/CL_0000084,https://purl.humanatlas.io/vocab/hp,8.065964
414,https://identifiers.org/hgnc/4036,http://purl.org/ccf/ccf_characterizes,http://purl.obolibrary.org/obo/CL_0000084,https://purl.humanatlas.io/vocab/hp,6.229406
415,https://identifiers.org/hgnc/26124,http://purl.org/ccf/ccf_characterizes,http://purl.obolibrary.org/obo/CL_0000084,https://purl.humanatlas.io/vocab/hp,8.463345
416,https://identifiers.org/hgnc/1928,http://purl.org/ccf/ccf_characterizes,http://purl.obolibrary.org/obo/CL_0000084,https://purl.humanatlas.io/vocab/hp,7.744508
417,https://identifiers.org/hgnc/1677,http://purl.org/ccf/ccf_characterizes,http://purl.obolibrary.org/obo/CL_0000084,https://purl.humanatlas.io/vocab/hp,6.311495
418,https://identifiers.org/hgnc/21045,http://purl.org/ccf/ccf_characterizes,http://purl.obolibrary.org/obo/CL_0000084,https://purl.humanatlas.io/vocab/hp,9.041192
419,https://identifiers.org/hgnc/9395,http://purl.org/ccf/ccf_characterizes,http://purl.obolibrary.org/obo/CL_0000084,https://purl.humanatlas.io/vocab/hp,4.766624
420,https://identifiers.org/hgnc/3474,http://purl.org/ccf/ccf_characterizes,http://purl.obolibrary.org/obo/CL_1001106,https://purl.humanatlas.io/vocab/hp,55.77599
421,https://identifiers.org/hgnc/15917,http://purl.org/ccf/ccf_characterizes,http://purl.obolibrary.org/obo/CL_1001106,https://purl.humanatlas.io/vocab/hp,24.219121
422,https://identifiers.org/hgnc/3498,http://purl.org/ccf/ccf_characterizes,http://purl.obolibrary.org/obo/CL_1001106,https://purl.humanatlas.io/vocab/hp,38.336231
423,https://identifiers.org/hgnc/15460,http://purl.org/ccf/ccf_characterizes,http://purl.obolibrary.org/obo/CL_1001106,https://purl.humanatlas.io/vocab/hp,13.221098
424,https://identifiers.org/hgnc/29349,http://purl.org/ccf/ccf_characterizes,http://purl.obolibrary.org/obo/CL_1001106,https://purl.humanatlas.io/vocab/hp,29.085249
425,https://identifiers.org/hgnc/10910,http://purl.org/ccf/ccf_characterizes,http://purl.obolibrary.org/obo/CL_1001106,https://purl.humanatlas.io/vocab/hp,55.277914
426,https://identifiers.org/hgnc/14598,http://purl.org/ccf/ccf_characterizes,http://purl.obolibrary.org/obo/CL_1001106,https://purl.humanatlas.io/vocab/hp,17.61441
427,https://identifiers.org/hgnc/29173,http://purl.org/ccf/ccf_characterizes,http://purl.obolibrary.org/obo/CL_1001106,https://purl.humanatlas.io/vocab/hp,21.359134
428,https://identifiers.org/hgnc/1514,http://purl.org/ccf/ccf_characterizes,http://purl.obolibrary.org/obo/CL_1001106,https://purl.humanatlas.io/vocab/hp,10.647362
429,https://identifiers.org/hgnc/23219,http://purl.org/ccf/ccf_characterizes,http://purl.obolibrary.org/obo/CL_1001106,https://purl.humanatlas.io/vocab/hp,11.877567
430,https://identifiers.org/hgnc/12799,http://purl.org/ccf/ccf_characterizes,http://purl.obolibrary.org/obo/CL_1001106,https://purl.humanatlas.io/vocab/hp,19.41592
431,https://identifiers.org/hgnc/8774,http://purl.org/ccf/ccf_characterizes,http://purl.obolibrary.org/obo/CL_1001106,https://purl.humanatlas.io/vocab/hp,16.751132
432,https://identifiers.org/hgnc/3701,http://purl.org/ccf/ccf_characterizes,http://purl.obolibrary.org/obo/CL_1001106,https://purl.humanatlas.io/vocab/hp,17.471222
433,https://identifiers.org/hgnc/9016,http://purl.org/ccf/ccf_characterizes,http://purl.obolibrary.org/obo/CL_1001106,https://purl.humanatlas.io/vocab/hp,24.505859
434,https://identifiers.org/hgnc/3432,http://purl.org/ccf/ccf_characterizes,http://purl.obolibrary.org/obo/CL_1001106,https://purl.humanatlas.io/vocab/hp,57.068776
435,https://identifiers.org/hgnc/9026,http://purl.org/ccf/ccf_characterizes,http://purl.obolibrary.org/obo/CL_1001106,https://purl.humanatlas.io/vocab/hp,13.24891
436,https://identifiers.org/hgnc/1742,http://purl.org/ccf/ccf_characterizes,http://purl.obolibrary.org/obo/CL_1001106,https://purl.humanatlas.io/vocab/hp,11.068352
437,None,http://purl.org/ccf/ccf_characterizes,http://purl.obolibrary.org/obo/CL_1001106,https://purl.humanatlas.io/vocab/hp,
438,https://identifiers.org/hgnc/21380,http://purl.org/ccf/ccf_characterizes,http://purl.obolibrary.org/obo/CL_1001106,https://purl.humanatlas.io/vocab/hp,14.547732
439,https://identifiers.org/hgnc/19125,http://purl.org/ccf/ccf_characterizes,http://purl.obolibrary.org/obo/CL_1001106,https://purl.humanatlas.io/vocab/hp,9.899938
440,https://identifiers.org/hgnc/8008,http://purl.org/ccf/ccf_characterizes,http://purl.obolibrary.org/obo/CL_0002319,https://purl.humanatlas.io/vocab/hp,102.015505
441,https://identifiers.org/hgnc/29394,http://purl.org/ccf/ccf_characterizes,http://purl.obolibrary.org/obo/CL_0002319,https://purl.humanatlas.io/vocab/hp,43.167832
442,https://identifiers.org/hgnc/29849,http://purl.org/ccf/ccf_characterizes,http://purl.obolibrary.org/obo/CL_0002319,https://purl.humanatlas.io/vocab/hp,21.28124
443,https://identifiers.org/hgnc/945,http://purl.org/ccf/ccf_characterizes,http://purl.obolibrary.org/obo/CL_0002319,https://purl.humanatlas.io/vocab/hp,34.069735
444,https://identifiers.org/hgnc/2897,http://purl.org/ccf/ccf_characterizes,http://purl.obolibrary.org/obo/CL_0002319,https://purl.humanatlas.io/vocab/hp,13.650508
445,https://identifiers.org/hgnc/4580,http://purl.org/ccf/ccf_characterizes,http://purl.obolibrary.org/obo/CL_0002319,https://purl.humanatlas.io/vocab/hp,23.568952
446,https://identifiers.org/hgnc/8010,http://purl.org/ccf/ccf_characterizes,http://purl.obolibrary.org/obo/CL_0002319,https://purl.humanatlas.io/vocab/hp,30.635403
447,https://identifiers.org/hgnc/25491,http://purl.org/ccf/ccf_characterizes,http://purl.obolibrary.org/obo/CL_0002319,https://purl.humanatlas.io/vocab/hp,21.54324
448,https://identifiers.org/hgnc/17302,http://purl.org/ccf/ccf_characterizes,http://purl.obolibrary.org/obo/CL_0002319,https://purl.humanatlas.io/vocab/hp,17.705221
449,https://identifiers.org/hgnc/13503,http://purl.org/ccf/ccf_characterizes,http://purl.obolibrary.org/obo/CL_0002319,https://purl.humanatlas.io/vocab/hp,29.802386
450,https://identifiers.org/hgnc/9393,http://purl.org/ccf/ccf_characterizes,http://purl.obolibrary.org/obo/CL_0002319,https://purl.humanatlas.io/vocab/hp,12.597931
451,https://identifiers.org/hgnc/19164,http://purl.org/ccf/ccf_characterizes,http://purl.obolibrary.org/obo/CL_0002319,https://purl.humanatlas.io/vocab/hp,17.195186
452,None,http://purl.org/ccf/ccf_characterizes,http://purl.obolibrary.org/obo/CL_0002319,https://purl.humanatlas.io/vocab/hp,
453,https://identifiers.org/hgnc/25361,http://purl.org/ccf/ccf_characterizes,http://purl.obolibrary.org/obo/CL_0002319,https://purl.humanatlas.io/vocab/hp,13.256547
454,https://identifiers.org/hgnc/29144,http://purl.org/ccf/ccf_characterizes,http://purl.obolibrary.org/obo/CL_0002319,https://purl.humanatlas.io/vocab/hp,13.324902
455,https://identifiers.org/hgnc/14881,http://purl.org/ccf/ccf_characterizes,http://purl.obolibrary.org/obo/CL_0002319,https://purl.humanatlas.io/vocab/hp,11.341439
456,https://identifiers.org/hgnc/26829,http://purl.org/ccf/ccf_characterizes,http://purl.obolibrary.org/obo/CL_0002319,https://purl.humanatlas.io/vocab/hp,11.934528
457,https://identifiers.org/hgnc/13427,http://purl.org/ccf/ccf_characterizes,http://purl.obolibrary.org/obo/CL_0002319,https://purl.humanatlas.io/vocab/hp,21.441635
458,https://identifiers.org/hgnc/37190,http://purl.org/ccf/ccf_characterizes,http://purl.obolibrary.org/obo/CL_0002319,https://purl.humanatlas.io/vocab/hp,17.472756
459,https://identifiers.org/hgnc/4169,http://purl.org/ccf/ccf_characterizes,http://purl.obolibrary.org/obo/CL_0002319,https://purl.humanatlas.io/vocab/hp,7.072182
