,subject,predicate,object,source
0,https://identifiers.org/hgnc/18233,http://purl.org/ccf/ccf_characterizes,http://purl.obolibrary.org/obo/CL_0000236,https://purl.humanatlas.io/vocab/hp
1,https://identifiers.org/hgnc/9395,http://purl.org/ccf/ccf_characterizes,http://purl.obolibrary.org/obo/CL_0000236,https://purl.humanatlas.io/vocab/hp
2,https://identifiers.org/hgnc/21030,http://purl.org/ccf/ccf_characterizes,http://purl.obolibrary.org/obo/CL_0000236,https://purl.humanatlas.io/vocab/hp
3,https://identifiers.org/hgnc/25259,http://purl.org/ccf/ccf_characterizes,http://purl.obolibrary.org/obo/CL_0000236,https://purl.humanatlas.io/vocab/hp
4,https://identifiers.org/hgnc/6473,http://purl.org/ccf/ccf_characterizes,http://purl.obolibrary.org/obo/CL_0000236,https://purl.humanatlas.io/vocab/hp
5,https://identifiers.org/hgnc/13872,http://purl.org/ccf/ccf_characterizes,http://purl.obolibrary.org/obo/CL_0000236,https://purl.humanatlas.io/vocab/hp
6,https://identifiers.org/hgnc/30279,http://purl.org/ccf/ccf_characterizes,http://purl.obolibrary.org/obo/CL_0000236,https://purl.humanatlas.io/vocab/hp
7,https://identifiers.org/hgnc/29114,http://purl.org/ccf/ccf_characterizes,http://purl.obolibrary.org/obo/CL_0000236,https://purl.humanatlas.io/vocab/hp
8,https://identifiers.org/hgnc/6923,http://purl.org/ccf/ccf_characterizes,http://purl.obolibrary.org/obo/CL_0000236,https://purl.humanatlas.io/vocab/hp
9,https://identifiers.org/hgnc/9666,http://purl.org/ccf/ccf_characterizes,http://purl.obolibrary.org/obo/CL_0000236,https://purl.humanatlas.io/vocab/hp
10,https://identifiers.org/hgnc/19341,http://purl.org/ccf/ccf_characterizes,http://purl.obolibrary.org/obo/CL_0000236,https://purl.humanatlas.io/vocab/hp
11,https://identifiers.org/hgnc/6079,http://purl.org/ccf/ccf_characterizes,http://purl.obolibrary.org/obo/CL_0000236,https://purl.humanatlas.io/vocab/hp
12,https://identifiers.org/hgnc/1585,http://purl.org/ccf/ccf_characterizes,http://purl.obolibrary.org/obo/CL_0000236,https://purl.humanatlas.io/vocab/hp
13,https://identifiers.org/hgnc/1057,http://purl.org/ccf/ccf_characterizes,http://purl.obolibrary.org/obo/CL_0000236,https://purl.humanatlas.io/vocab/hp
14,https://identifiers.org/hgnc/13176,http://purl.org/ccf/ccf_characterizes,http://purl.obolibrary.org/obo/CL_0000236,https://purl.humanatlas.io/vocab/hp
15,https://identifiers.org/hgnc/25361,http://purl.org/ccf/ccf_characterizes,http://purl.obolibrary.org/obo/CL_0000236,https://purl.humanatlas.io/vocab/hp
16,https://identifiers.org/hgnc/2988,http://purl.org/ccf/ccf_characterizes,http://purl.obolibrary.org/obo/CL_0000236,https://purl.humanatlas.io/vocab/hp
17,https://identifiers.org/hgnc/8619,http://purl.org/ccf/ccf_characterizes,http://purl.obolibrary.org/obo/CL_0000236,https://purl.humanatlas.io/vocab/hp
18,https://identifiers.org/hgnc/29146,http://purl.org/ccf/ccf_characterizes,http://purl.obolibrary.org/obo/CL_0000236,https://purl.humanatlas.io/vocab/hp
19,https://identifiers.org/hgnc/16395,http://purl.org/ccf/ccf_characterizes,http://purl.obolibrary.org/obo/CL_0000236,https://purl.humanatlas.io/vocab/hp
20,https://identifiers.org/hgnc/14467,http://purl.org/ccf/ccf_characterizes,http://purl.obolibrary.org/obo/CL_1001432,https://purl.humanatlas.io/vocab/hp
21,https://identifiers.org/hgnc/946,http://purl.org/ccf/ccf_characterizes,http://purl.obolibrary.org/obo/CL_1001432,https://purl.humanatlas.io/vocab/hp
22,https://identifiers.org/hgnc/17438,http://purl.org/ccf/ccf_characterizes,http://purl.obolibrary.org/obo/CL_1001432,https://purl.humanatlas.io/vocab/hp
23,https://identifiers.org/hgnc/18266,http://purl.org/ccf/ccf_characterizes,http://purl.obolibrary.org/obo/CL_1001432,https://purl.humanatlas.io/vocab/hp
24,https://identifiers.org/hgnc/7728,http://purl.org/ccf/ccf_characterizes,http://purl.obolibrary.org/obo/CL_1001432,https://purl.humanatlas.io/vocab/hp
25,https://identifiers.org/hgnc/866,http://purl.org/ccf/ccf_characterizes,http://purl.obolibrary.org/obo/CL_1001432,https://purl.humanatlas.io/vocab/hp
26,https://identifiers.org/hgnc/19030,http://purl.org/ccf/ccf_characterizes,http://purl.obolibrary.org/obo/CL_1001432,https://purl.humanatlas.io/vocab/hp
27,https://identifiers.org/hgnc/3041,http://purl.org/ccf/ccf_characterizes,http://purl.obolibrary.org/obo/CL_1001432,https://purl.humanatlas.io/vocab/hp
28,https://identifiers.org/hgnc/8776,http://purl.org/ccf/ccf_characterizes,http://purl.obolibrary.org/obo/CL_1001432,https://purl.humanatlas.io/vocab/hp
29,https://identifiers.org/hgnc/25308,http://purl.org/ccf/ccf_characterizes,http://purl.obolibrary.org/obo/CL_1001432,https://purl.humanatlas.io/vocab/hp
30,https://identifiers.org/hgnc/11168,http://purl.org/ccf/ccf_characterizes,http://purl.obolibrary.org/obo/CL_1001432,https://purl.humanatlas.io/vocab/hp
31,https://identifiers.org/hgnc/17925,http://purl.org/ccf/ccf_characterizes,http://purl.obolibrary.org/obo/CL_1001432,https://purl.humanatlas.io/vocab/hp
32,https://identifiers.org/hgnc/18264,http://purl.org/ccf/ccf_characterizes,http://purl.obolibrary.org/obo/CL_1001432,https://purl.humanatlas.io/vocab/hp
33,https://identifiers.org/hgnc/21035,http://purl.org/ccf/ccf_characterizes,http://purl.obolibrary.org/obo/CL_1001432,https://purl.humanatlas.io/vocab/hp
34,https://identifiers.org/hgnc/3420,http://purl.org/ccf/ccf_characterizes,http://purl.obolibrary.org/obo/CL_1001432,https://purl.humanatlas.io/vocab/hp
35,https://identifiers.org/hgnc/3823,http://purl.org/ccf/ccf_characterizes,http://purl.obolibrary.org/obo/CL_1001432,https://purl.humanatlas.io/vocab/hp
36,https://identifiers.org/hgnc/29246,http://purl.org/ccf/ccf_characterizes,http://purl.obolibrary.org/obo/CL_1001432,https://purl.humanatlas.io/vocab/hp
37,https://identifiers.org/hgnc/1180,http://purl.org/ccf/ccf_characterizes,http://purl.obolibrary.org/obo/CL_1001432,https://purl.humanatlas.io/vocab/hp
38,https://identifiers.org/hgnc/9673,http://purl.org/ccf/ccf_characterizes,http://purl.obolibrary.org/obo/CL_1001432,https://purl.humanatlas.io/vocab/hp
39,https://identifiers.org/hgnc/6181,http://purl.org/ccf/ccf_characterizes,http://purl.obolibrary.org/obo/CL_1001432,https://purl.humanatlas.io/vocab/hp
40,https://identifiers.org/hgnc/4028,http://purl.org/ccf/ccf_characterizes,http://purl.obolibrary.org/obo/CL_1001431,https://purl.humanatlas.io/vocab/hp
41,,http://purl.org/ccf/ccf_characterizes,http://purl.obolibrary.org/obo/CL_1001431,https://purl.humanatlas.io/vocab/hp
42,https://identifiers.org/hgnc/634,http://purl.org/ccf/ccf_characterizes,http://purl.obolibrary.org/obo/CL_1001431,https://purl.humanatlas.io/vocab/hp
43,https://identifiers.org/hgnc/18610,http://purl.org/ccf/ccf_characterizes,http://purl.obolibrary.org/obo/CL_1001431,https://purl.humanatlas.io/vocab/hp
44,https://identifiers.org/hgnc/636,http://purl.org/ccf/ccf_characterizes,http://purl.obolibrary.org/obo/CL_1001431,https://purl.humanatlas.io/vocab/hp
45,https://identifiers.org/hgnc/4172,http://purl.org/ccf/ccf_characterizes,http://purl.obolibrary.org/obo/CL_1001431,https://purl.humanatlas.io/vocab/hp
46,https://identifiers.org/hgnc/8602,http://purl.org/ccf/ccf_characterizes,http://purl.obolibrary.org/obo/CL_1001431,https://purl.humanatlas.io/vocab/hp
47,https://identifiers.org/hgnc/3522,http://purl.org/ccf/ccf_characterizes,http://purl.obolibrary.org/obo/CL_1001431,https://purl.humanatlas.io/vocab/hp
48,https://identifiers.org/hgnc/1077,http://purl.org/ccf/ccf_characterizes,http://purl.obolibrary.org/obo/CL_1001431,https://purl.humanatlas.io/vocab/hp
49,https://identifiers.org/hgnc/13447,http://purl.org/ccf/ccf_characterizes,http://purl.obolibrary.org/obo/CL_1001431,https://purl.humanatlas.io/vocab/hp
50,https://identifiers.org/hgnc/10602,http://purl.org/ccf/ccf_characterizes,http://purl.obolibrary.org/obo/CL_1001431,https://purl.humanatlas.io/vocab/hp
51,https://identifiers.org/hgnc/9841,http://purl.org/ccf/ccf_characterizes,http://purl.obolibrary.org/obo/CL_1001431,https://purl.humanatlas.io/vocab/hp
52,https://identifiers.org/hgnc/3320,http://purl.org/ccf/ccf_characterizes,http://purl.obolibrary.org/obo/CL_1001431,https://purl.humanatlas.io/vocab/hp
53,https://identifiers.org/hgnc/2095,http://purl.org/ccf/ccf_characterizes,http://purl.obolibrary.org/obo/CL_1001431,https://purl.humanatlas.io/vocab/hp
54,https://identifiers.org/hgnc/8973,http://purl.org/ccf/ccf_characterizes,http://purl.obolibrary.org/obo/CL_1001431,https://purl.humanatlas.io/vocab/hp
55,https://identifiers.org/hgnc/26197,http://purl.org/ccf/ccf_characterizes,http://purl.obolibrary.org/obo/CL_1001431,https://purl.humanatlas.io/vocab/hp
56,https://identifiers.org/hgnc/10253,http://purl.org/ccf/ccf_characterizes,http://purl.obolibrary.org/obo/CL_1001431,https://purl.humanatlas.io/vocab/hp
57,https://identifiers.org/hgnc/10860,http://purl.org/ccf/ccf_characterizes,http://purl.obolibrary.org/obo/CL_1001431,https://purl.humanatlas.io/vocab/hp
58,https://identifiers.org/hgnc/33235,http://purl.org/ccf/ccf_characterizes,http://purl.obolibrary.org/obo/CL_1001431,https://purl.humanatlas.io/vocab/hp
59,https://identifiers.org/hgnc/11092,http://purl.org/ccf/ccf_characterizes,http://purl.obolibrary.org/obo/CL_1001431,https://purl.humanatlas.io/vocab/hp
60,,http://purl.org/ccf/ccf_characterizes,http://purl.obolibrary.org/obo/CL_1000768,https://purl.humanatlas.io/vocab/hp
61,,http://purl.org/ccf/ccf_characterizes,http://purl.obolibrary.org/obo/CL_1000768,https://purl.humanatlas.io/vocab/hp
62,https://identifiers.org/hgnc/11068,http://purl.org/ccf/ccf_characterizes,http://purl.obolibrary.org/obo/CL_1000768,https://purl.humanatlas.io/vocab/hp
63,https://identifiers.org/hgnc/10588,http://purl.org/ccf/ccf_characterizes,http://purl.obolibrary.org/obo/CL_1000768,https://purl.humanatlas.io/vocab/hp
64,https://identifiers.org/hgnc/8973,http://purl.org/ccf/ccf_characterizes,http://purl.obolibrary.org/obo/CL_1000768,https://purl.humanatlas.io/vocab/hp
65,https://identifiers.org/hgnc/5209,http://purl.org/ccf/ccf_characterizes,http://purl.obolibrary.org/obo/CL_1000768,https://purl.humanatlas.io/vocab/hp
66,https://identifiers.org/hgnc/7174,http://purl.org/ccf/ccf_characterizes,http://purl.obolibrary.org/obo/CL_1000768,https://purl.humanatlas.io/vocab/hp
67,https://identifiers.org/hgnc/49222,http://purl.org/ccf/ccf_characterizes,http://purl.obolibrary.org/obo/CL_1000768,https://purl.humanatlas.io/vocab/hp
68,https://identifiers.org/hgnc/16018,http://purl.org/ccf/ccf_characterizes,http://purl.obolibrary.org/obo/CL_1000768,https://purl.humanatlas.io/vocab/hp
69,https://identifiers.org/hgnc/27152,http://purl.org/ccf/ccf_characterizes,http://purl.obolibrary.org/obo/CL_1000768,https://purl.humanatlas.io/vocab/hp
70,https://identifiers.org/hgnc/48667,http://purl.org/ccf/ccf_characterizes,http://purl.obolibrary.org/obo/CL_1000768,https://purl.humanatlas.io/vocab/hp
71,https://identifiers.org/hgnc/19221,http://purl.org/ccf/ccf_characterizes,http://purl.obolibrary.org/obo/CL_1000768,https://purl.humanatlas.io/vocab/hp
72,https://identifiers.org/hgnc/18141,http://purl.org/ccf/ccf_characterizes,http://purl.obolibrary.org/obo/CL_1000768,https://purl.humanatlas.io/vocab/hp
73,https://identifiers.org/hgnc/11972,http://purl.org/ccf/ccf_characterizes,http://purl.obolibrary.org/obo/CL_1000768,https://purl.humanatlas.io/vocab/hp
74,https://identifiers.org/hgnc/8783,http://purl.org/ccf/ccf_characterizes,http://purl.obolibrary.org/obo/CL_1000768,https://purl.humanatlas.io/vocab/hp
75,https://identifiers.org/hgnc/23571,http://purl.org/ccf/ccf_characterizes,http://purl.obolibrary.org/obo/CL_1000768,https://purl.humanatlas.io/vocab/hp
76,https://identifiers.org/hgnc/2095,http://purl.org/ccf/ccf_characterizes,http://purl.obolibrary.org/obo/CL_1000768,https://purl.humanatlas.io/vocab/hp
77,https://identifiers.org/hgnc/11092,http://purl.org/ccf/ccf_characterizes,http://purl.obolibrary.org/obo/CL_1000768,https://purl.humanatlas.io/vocab/hp
78,https://identifiers.org/hgnc/1180,http://purl.org/ccf/ccf_characterizes,http://purl.obolibrary.org/obo/CL_1000768,https://purl.humanatlas.io/vocab/hp
79,https://identifiers.org/hgnc/19414,http://purl.org/ccf/ccf_characterizes,http://purl.obolibrary.org/obo/CL_1000768,https://purl.humanatlas.io/vocab/hp
80,https://identifiers.org/hgnc/29323,http://purl.org/ccf/ccf_characterizes,http://purl.obolibrary.org/obo/CL_0000451,https://purl.humanatlas.io/vocab/hp
81,https://identifiers.org/hgnc/5358,http://purl.org/ccf/ccf_characterizes,http://purl.obolibrary.org/obo/CL_0000451,https://purl.humanatlas.io/vocab/hp
82,https://identifiers.org/hgnc/3495,http://purl.org/ccf/ccf_characterizes,http://purl.obolibrary.org/obo/CL_0000451,https://purl.humanatlas.io/vocab/hp
83,https://identifiers.org/hgnc/14262,http://purl.org/ccf/ccf_characterizes,http://purl.obolibrary.org/obo/CL_0000451,https://purl.humanatlas.io/vocab/hp
84,https://identifiers.org/hgnc/7067,http://purl.org/ccf/ccf_characterizes,http://purl.obolibrary.org/obo/CL_0000451,https://purl.humanatlas.io/vocab/hp
85,https://identifiers.org/hgnc/16286,http://purl.org/ccf/ccf_characterizes,http://purl.obolibrary.org/obo/CL_0000451,https://purl.humanatlas.io/vocab/hp
86,https://identifiers.org/hgnc/17069,http://purl.org/ccf/ccf_characterizes,http://purl.obolibrary.org/obo/CL_0000451,https://purl.humanatlas.io/vocab/hp
87,https://identifiers.org/hgnc/3765,http://purl.org/ccf/ccf_characterizes,http://purl.obolibrary.org/obo/CL_0000451,https://purl.humanatlas.io/vocab/hp
88,https://identifiers.org/hgnc/1224,http://purl.org/ccf/ccf_characterizes,http://purl.obolibrary.org/obo/CL_0000451,https://purl.humanatlas.io/vocab/hp
89,https://identifiers.org/hgnc/14065,http://purl.org/ccf/ccf_characterizes,http://purl.obolibrary.org/obo/CL_0000451,https://purl.humanatlas.io/vocab/hp
90,https://identifiers.org/hgnc/2988,http://purl.org/ccf/ccf_characterizes,http://purl.obolibrary.org/obo/CL_0000451,https://purl.humanatlas.io/vocab/hp
91,https://identifiers.org/hgnc/23479,http://purl.org/ccf/ccf_characterizes,http://purl.obolibrary.org/obo/CL_0000451,https://purl.humanatlas.io/vocab/hp
92,https://identifiers.org/hgnc/25523,http://purl.org/ccf/ccf_characterizes,http://purl.obolibrary.org/obo/CL_0000451,https://purl.humanatlas.io/vocab/hp
93,https://identifiers.org/hgnc/15925,http://purl.org/ccf/ccf_characterizes,http://purl.obolibrary.org/obo/CL_0000451,https://purl.humanatlas.io/vocab/hp
94,https://identifiers.org/hgnc/17438,http://purl.org/ccf/ccf_characterizes,http://purl.obolibrary.org/obo/CL_0000451,https://purl.humanatlas.io/vocab/hp
95,https://identifiers.org/hgnc/6473,http://purl.org/ccf/ccf_characterizes,http://purl.obolibrary.org/obo/CL_0000451,https://purl.humanatlas.io/vocab/hp
96,https://identifiers.org/hgnc/2550,http://purl.org/ccf/ccf_characterizes,http://purl.obolibrary.org/obo/CL_0000451,https://purl.humanatlas.io/vocab/hp
97,https://identifiers.org/hgnc/2720,http://purl.org/ccf/ccf_characterizes,http://purl.obolibrary.org/obo/CL_0000451,https://purl.humanatlas.io/vocab/hp
98,https://identifiers.org/hgnc/1537,http://purl.org/ccf/ccf_characterizes,http://purl.obolibrary.org/obo/CL_0000451,https://purl.humanatlas.io/vocab/hp
99,https://identifiers.org/hgnc/25216,http://purl.org/ccf/ccf_characterizes,http://purl.obolibrary.org/obo/CL_0000451,https://purl.humanatlas.io/vocab/hp
100,https://identifiers.org/hgnc/10912,http://purl.org/ccf/ccf_characterizes,http://purl.obolibrary.org/obo/CL_1000849,https://purl.humanatlas.io/vocab/hp
101,https://identifiers.org/hgnc/14540,http://purl.org/ccf/ccf_characterizes,http://purl.obolibrary.org/obo/CL_1000849,https://purl.humanatlas.io/vocab/hp
102,https://identifiers.org/hgnc/17994,http://purl.org/ccf/ccf_characterizes,http://purl.obolibrary.org/obo/CL_1000849,https://purl.humanatlas.io/vocab/hp
103,https://identifiers.org/hgnc/26438,http://purl.org/ccf/ccf_characterizes,http://purl.obolibrary.org/obo/CL_1000849,https://purl.humanatlas.io/vocab/hp
104,https://identifiers.org/hgnc/1371,http://purl.org/ccf/ccf_characterizes,http://purl.obolibrary.org/obo/CL_1000849,https://purl.humanatlas.io/vocab/hp
105,https://identifiers.org/hgnc/6262,http://purl.org/ccf/ccf_characterizes,http://purl.obolibrary.org/obo/CL_1000849,https://purl.humanatlas.io/vocab/hp
106,https://identifiers.org/hgnc/1404,http://purl.org/ccf/ccf_characterizes,http://purl.obolibrary.org/obo/CL_1000849,https://purl.humanatlas.io/vocab/hp
107,,http://purl.org/ccf/ccf_characterizes,http://purl.obolibrary.org/obo/CL_1000849,https://purl.humanatlas.io/vocab/hp
108,https://identifiers.org/hgnc/6354,http://purl.org/ccf/ccf_characterizes,http://purl.obolibrary.org/obo/CL_1000849,https://purl.humanatlas.io/vocab/hp
109,,http://purl.org/ccf/ccf_characterizes,http://purl.obolibrary.org/obo/CL_1000849,https://purl.humanatlas.io/vocab/hp
110,https://identifiers.org/hgnc/17995,http://purl.org/ccf/ccf_characterizes,http://purl.obolibrary.org/obo/CL_1000849,https://purl.humanatlas.io/vocab/hp
111,,http://purl.org/ccf/ccf_characterizes,http://purl.obolibrary.org/obo/CL_1000849,https://purl.humanatlas.io/vocab/hp
112,https://identifiers.org/hgnc/21747,http://purl.org/ccf/ccf_characterizes,http://purl.obolibrary.org/obo/CL_1000849,https://purl.humanatlas.io/vocab/hp
113,https://identifiers.org/hgnc/3474,http://purl.org/ccf/ccf_characterizes,http://purl.obolibrary.org/obo/CL_1000849,https://purl.humanatlas.io/vocab/hp
114,https://identifiers.org/hgnc/11255,http://purl.org/ccf/ccf_characterizes,http://purl.obolibrary.org/obo/CL_1000849,https://purl.humanatlas.io/vocab/hp
115,https://identifiers.org/hgnc/103,http://purl.org/ccf/ccf_characterizes,http://purl.obolibrary.org/obo/CL_1000849,https://purl.humanatlas.io/vocab/hp
116,https://identifiers.org/hgnc/35,http://purl.org/ccf/ccf_characterizes,http://purl.obolibrary.org/obo/CL_1000849,https://purl.humanatlas.io/vocab/hp
117,https://identifiers.org/hgnc/10588,http://purl.org/ccf/ccf_characterizes,http://purl.obolibrary.org/obo/CL_1000849,https://purl.humanatlas.io/vocab/hp
118,https://identifiers.org/hgnc/3498,http://purl.org/ccf/ccf_characterizes,http://purl.obolibrary.org/obo/CL_1000849,https://purl.humanatlas.io/vocab/hp
119,https://identifiers.org/hgnc/3432,http://purl.org/ccf/ccf_characterizes,http://purl.obolibrary.org/obo/CL_1000849,https://purl.humanatlas.io/vocab/hp
120,https://identifiers.org/hgnc/9675,http://purl.org/ccf/ccf_characterizes,http://purl.obolibrary.org/obo/CL_0000115,https://purl.humanatlas.io/vocab/hp
121,https://identifiers.org/hgnc/7001,http://purl.org/ccf/ccf_characterizes,http://purl.obolibrary.org/obo/CL_0000115,https://purl.humanatlas.io/vocab/hp
122,https://identifiers.org/hgnc/9665,http://purl.org/ccf/ccf_characterizes,http://purl.obolibrary.org/obo/CL_0000115,https://purl.humanatlas.io/vocab/hp
123,https://identifiers.org/hgnc/13427,http://purl.org/ccf/ccf_characterizes,http://purl.obolibrary.org/obo/CL_0000115,https://purl.humanatlas.io/vocab/hp
124,https://identifiers.org/hgnc/6533,http://purl.org/ccf/ccf_characterizes,http://purl.obolibrary.org/obo/CL_0000115,https://purl.humanatlas.io/vocab/hp
125,https://identifiers.org/hgnc/19192,http://purl.org/ccf/ccf_characterizes,http://purl.obolibrary.org/obo/CL_0000115,https://purl.humanatlas.io/vocab/hp
126,https://identifiers.org/hgnc/2720,http://purl.org/ccf/ccf_characterizes,http://purl.obolibrary.org/obo/CL_0000115,https://purl.humanatlas.io/vocab/hp
127,https://identifiers.org/hgnc/9671,http://purl.org/ccf/ccf_characterizes,http://purl.obolibrary.org/obo/CL_0000115,https://purl.humanatlas.io/vocab/hp
128,https://identifiers.org/hgnc/19343,http://purl.org/ccf/ccf_characterizes,http://purl.obolibrary.org/obo/CL_0000115,https://purl.humanatlas.io/vocab/hp
129,https://identifiers.org/hgnc/11642,http://purl.org/ccf/ccf_characterizes,http://purl.obolibrary.org/obo/CL_0000115,https://purl.humanatlas.io/vocab/hp
130,https://identifiers.org/hgnc/12635,http://purl.org/ccf/ccf_characterizes,http://purl.obolibrary.org/obo/CL_0000115,https://purl.humanatlas.io/vocab/hp
131,https://identifiers.org/hgnc/16286,http://purl.org/ccf/ccf_characterizes,http://purl.obolibrary.org/obo/CL_0000115,https://purl.humanatlas.io/vocab/hp
132,https://identifiers.org/hgnc/8823,http://purl.org/ccf/ccf_characterizes,http://purl.obolibrary.org/obo/CL_0000115,https://purl.humanatlas.io/vocab/hp
133,https://identifiers.org/hgnc/393,http://purl.org/ccf/ccf_characterizes,http://purl.obolibrary.org/obo/CL_0000115,https://purl.humanatlas.io/vocab/hp
134,https://identifiers.org/hgnc/9403,http://purl.org/ccf/ccf_characterizes,http://purl.obolibrary.org/obo/CL_0000115,https://purl.humanatlas.io/vocab/hp
135,https://identifiers.org/hgnc/29179,http://purl.org/ccf/ccf_characterizes,http://purl.obolibrary.org/obo/CL_0000115,https://purl.humanatlas.io/vocab/hp
136,https://identifiers.org/hgnc/9874,http://purl.org/ccf/ccf_characterizes,http://purl.obolibrary.org/obo/CL_0000115,https://purl.humanatlas.io/vocab/hp
137,https://identifiers.org/hgnc/3446,http://purl.org/ccf/ccf_characterizes,http://purl.obolibrary.org/obo/CL_0000115,https://purl.humanatlas.io/vocab/hp
138,https://identifiers.org/hgnc/11724,http://purl.org/ccf/ccf_characterizes,http://purl.obolibrary.org/obo/CL_0000115,https://purl.humanatlas.io/vocab/hp
139,https://identifiers.org/hgnc/29216,http://purl.org/ccf/ccf_characterizes,http://purl.obolibrary.org/obo/CL_0000115,https://purl.humanatlas.io/vocab/hp
140,https://identifiers.org/hgnc/23405,http://purl.org/ccf/ccf_characterizes,http://purl.obolibrary.org/obo/CL_1000695,https://purl.humanatlas.io/vocab/hp
141,https://identifiers.org/hgnc/24886,http://purl.org/ccf/ccf_characterizes,http://purl.obolibrary.org/obo/CL_1000695,https://purl.humanatlas.io/vocab/hp
142,https://identifiers.org/hgnc/20653,http://purl.org/ccf/ccf_characterizes,http://purl.obolibrary.org/obo/CL_1000695,https://purl.humanatlas.io/vocab/hp
143,https://identifiers.org/hgnc/16286,http://purl.org/ccf/ccf_characterizes,http://purl.obolibrary.org/obo/CL_1000695,https://purl.humanatlas.io/vocab/hp
144,https://identifiers.org/hgnc/1928,http://purl.org/ccf/ccf_characterizes,http://purl.obolibrary.org/obo/CL_1000695,https://purl.humanatlas.io/vocab/hp
145,https://identifiers.org/hgnc/6181,http://purl.org/ccf/ccf_characterizes,http://purl.obolibrary.org/obo/CL_1000695,https://purl.humanatlas.io/vocab/hp
146,https://identifiers.org/hgnc/14881,http://purl.org/ccf/ccf_characterizes,http://purl.obolibrary.org/obo/CL_1000695,https://purl.humanatlas.io/vocab/hp
147,https://identifiers.org/hgnc/1224,http://purl.org/ccf/ccf_characterizes,http://purl.obolibrary.org/obo/CL_1000695,https://purl.humanatlas.io/vocab/hp
148,https://identifiers.org/hgnc/29114,http://purl.org/ccf/ccf_characterizes,http://purl.obolibrary.org/obo/CL_1000695,https://purl.humanatlas.io/vocab/hp
149,https://identifiers.org/hgnc/10962,http://purl.org/ccf/ccf_characterizes,http://purl.obolibrary.org/obo/CL_1000695,https://purl.humanatlas.io/vocab/hp
150,https://identifiers.org/hgnc/11609,http://purl.org/ccf/ccf_characterizes,http://purl.obolibrary.org/obo/CL_1000695,https://purl.humanatlas.io/vocab/hp
151,https://identifiers.org/hgnc/6993,http://purl.org/ccf/ccf_characterizes,http://purl.obolibrary.org/obo/CL_1000695,https://purl.humanatlas.io/vocab/hp
152,https://identifiers.org/hgnc/16935,http://purl.org/ccf/ccf_characterizes,http://purl.obolibrary.org/obo/CL_1000695,https://purl.humanatlas.io/vocab/hp
153,https://identifiers.org/hgnc/11623,http://purl.org/ccf/ccf_characterizes,http://purl.obolibrary.org/obo/CL_1000695,https://purl.humanatlas.io/vocab/hp
154,https://identifiers.org/hgnc/6183,http://purl.org/ccf/ccf_characterizes,http://purl.obolibrary.org/obo/CL_1000695,https://purl.humanatlas.io/vocab/hp
155,https://identifiers.org/hgnc/2988,http://purl.org/ccf/ccf_characterizes,http://purl.obolibrary.org/obo/CL_1000695,https://purl.humanatlas.io/vocab/hp
156,https://identifiers.org/hgnc/25491,http://purl.org/ccf/ccf_characterizes,http://purl.obolibrary.org/obo/CL_1000695,https://purl.humanatlas.io/vocab/hp
157,https://identifiers.org/hgnc/3012,http://purl.org/ccf/ccf_characterizes,http://purl.obolibrary.org/obo/CL_1000695,https://purl.humanatlas.io/vocab/hp
158,https://identifiers.org/hgnc/2888,http://purl.org/ccf/ccf_characterizes,http://purl.obolibrary.org/obo/CL_1000695,https://purl.humanatlas.io/vocab/hp
159,https://identifiers.org/hgnc/21013,http://purl.org/ccf/ccf_characterizes,http://purl.obolibrary.org/obo/CL_1000695,https://purl.humanatlas.io/vocab/hp
160,https://identifiers.org/hgnc/1346,http://purl.org/ccf/ccf_characterizes,http://purl.obolibrary.org/obo/CL_1000692,https://purl.humanatlas.io/vocab/hp
161,https://identifiers.org/hgnc/1441,http://purl.org/ccf/ccf_characterizes,http://purl.obolibrary.org/obo/CL_1000692,https://purl.humanatlas.io/vocab/hp
162,https://identifiers.org/hgnc/7000,http://purl.org/ccf/ccf_characterizes,http://purl.obolibrary.org/obo/CL_1000692,https://purl.humanatlas.io/vocab/hp
163,https://identifiers.org/hgnc/13427,http://purl.org/ccf/ccf_characterizes,http://purl.obolibrary.org/obo/CL_1000692,https://purl.humanatlas.io/vocab/hp
164,https://identifiers.org/hgnc/2198,http://purl.org/ccf/ccf_characterizes,http://purl.obolibrary.org/obo/CL_1000692,https://purl.humanatlas.io/vocab/hp
165,https://identifiers.org/hgnc/6134,http://purl.org/ccf/ccf_characterizes,http://purl.obolibrary.org/obo/CL_1000692,https://purl.humanatlas.io/vocab/hp
166,https://identifiers.org/hgnc/13010,http://purl.org/ccf/ccf_characterizes,http://purl.obolibrary.org/obo/CL_1000692,https://purl.humanatlas.io/vocab/hp
167,https://identifiers.org/hgnc/8803,http://purl.org/ccf/ccf_characterizes,http://purl.obolibrary.org/obo/CL_1000692,https://purl.humanatlas.io/vocab/hp
168,https://identifiers.org/hgnc/2705,http://purl.org/ccf/ccf_characterizes,http://purl.obolibrary.org/obo/CL_1000692,https://purl.humanatlas.io/vocab/hp
169,https://identifiers.org/hgnc/14881,http://purl.org/ccf/ccf_characterizes,http://purl.obolibrary.org/obo/CL_1000692,https://purl.humanatlas.io/vocab/hp
170,https://identifiers.org/hgnc/29063,http://purl.org/ccf/ccf_characterizes,http://purl.obolibrary.org/obo/CL_1000692,https://purl.humanatlas.io/vocab/hp
171,https://identifiers.org/hgnc/15985,http://purl.org/ccf/ccf_characterizes,http://purl.obolibrary.org/obo/CL_1000692,https://purl.humanatlas.io/vocab/hp
172,https://identifiers.org/hgnc/1750,http://purl.org/ccf/ccf_characterizes,http://purl.obolibrary.org/obo/CL_1000692,https://purl.humanatlas.io/vocab/hp
173,https://identifiers.org/hgnc/3602,http://purl.org/ccf/ccf_characterizes,http://purl.obolibrary.org/obo/CL_1000692,https://purl.humanatlas.io/vocab/hp
174,,http://purl.org/ccf/ccf_characterizes,http://purl.obolibrary.org/obo/CL_1000692,https://purl.humanatlas.io/vocab/hp
175,https://identifiers.org/hgnc/17068,http://purl.org/ccf/ccf_characterizes,http://purl.obolibrary.org/obo/CL_1000692,https://purl.humanatlas.io/vocab/hp
176,https://identifiers.org/hgnc/2201,http://purl.org/ccf/ccf_characterizes,http://purl.obolibrary.org/obo/CL_1000692,https://purl.humanatlas.io/vocab/hp
177,https://identifiers.org/hgnc/3126,http://purl.org/ccf/ccf_characterizes,http://purl.obolibrary.org/obo/CL_1000692,https://purl.humanatlas.io/vocab/hp
178,https://identifiers.org/hgnc/21063,http://purl.org/ccf/ccf_characterizes,http://purl.obolibrary.org/obo/CL_1000692,https://purl.humanatlas.io/vocab/hp
179,https://identifiers.org/hgnc/11087,http://purl.org/ccf/ccf_characterizes,http://purl.obolibrary.org/obo/CL_1000692,https://purl.humanatlas.io/vocab/hp
180,https://identifiers.org/hgnc/10910,http://purl.org/ccf/ccf_characterizes,http://purl.obolibrary.org/obo/CL_1000909,https://purl.humanatlas.io/vocab/hp
181,https://identifiers.org/hgnc/804,http://purl.org/ccf/ccf_characterizes,http://purl.obolibrary.org/obo/CL_1000909,https://purl.humanatlas.io/vocab/hp
182,,http://purl.org/ccf/ccf_characterizes,http://purl.obolibrary.org/obo/CL_1000909,https://purl.humanatlas.io/vocab/hp
183,https://identifiers.org/hgnc/4026,http://purl.org/ccf/ccf_characterizes,http://purl.obolibrary.org/obo/CL_1000909,https://purl.humanatlas.io/vocab/hp
184,https://identifiers.org/hgnc/12559,http://purl.org/ccf/ccf_characterizes,http://purl.obolibrary.org/obo/CL_1000909,https://purl.humanatlas.io/vocab/hp
185,https://identifiers.org/hgnc/1645,http://purl.org/ccf/ccf_characterizes,http://purl.obolibrary.org/obo/CL_1000909,https://purl.humanatlas.io/vocab/hp
186,https://identifiers.org/hgnc/2026,http://purl.org/ccf/ccf_characterizes,http://purl.obolibrary.org/obo/CL_1000909,https://purl.humanatlas.io/vocab/hp
187,https://identifiers.org/hgnc/17084,http://purl.org/ccf/ccf_characterizes,http://purl.obolibrary.org/obo/CL_1000909,https://purl.humanatlas.io/vocab/hp
188,https://identifiers.org/hgnc/8630,http://purl.org/ccf/ccf_characterizes,http://purl.obolibrary.org/obo/CL_1000909,https://purl.humanatlas.io/vocab/hp
189,https://identifiers.org/hgnc/8051,http://purl.org/ccf/ccf_characterizes,http://purl.obolibrary.org/obo/CL_1000909,https://purl.humanatlas.io/vocab/hp
190,https://identifiers.org/hgnc/5033,http://purl.org/ccf/ccf_characterizes,http://purl.obolibrary.org/obo/CL_1000909,https://purl.humanatlas.io/vocab/hp
191,https://identifiers.org/hgnc/1357,http://purl.org/ccf/ccf_characterizes,http://purl.obolibrary.org/obo/CL_1000909,https://purl.humanatlas.io/vocab/hp
192,https://identifiers.org/hgnc/6817,http://purl.org/ccf/ccf_characterizes,http://purl.obolibrary.org/obo/CL_1000909,https://purl.humanatlas.io/vocab/hp
193,https://identifiers.org/hgnc/11033,http://purl.org/ccf/ccf_characterizes,http://purl.obolibrary.org/obo/CL_1000909,https://purl.humanatlas.io/vocab/hp
194,https://identifiers.org/hgnc/6383,http://purl.org/ccf/ccf_characterizes,http://purl.obolibrary.org/obo/CL_1000909,https://purl.humanatlas.io/vocab/hp
195,https://identifiers.org/hgnc/9286,http://purl.org/ccf/ccf_characterizes,http://purl.obolibrary.org/obo/CL_1000909,https://purl.humanatlas.io/vocab/hp
196,https://identifiers.org/hgnc/6541,http://purl.org/ccf/ccf_characterizes,http://purl.obolibrary.org/obo/CL_1000909,https://purl.humanatlas.io/vocab/hp
197,,http://purl.org/ccf/ccf_characterizes,http://purl.obolibrary.org/obo/CL_1000909,https://purl.humanatlas.io/vocab/hp
198,https://identifiers.org/hgnc/379,http://purl.org/ccf/ccf_characterizes,http://purl.obolibrary.org/obo/CL_1000909,https://purl.humanatlas.io/vocab/hp
199,https://identifiers.org/hgnc/30506,http://purl.org/ccf/ccf_characterizes,http://purl.obolibrary.org/obo/CL_1000909,https://purl.humanatlas.io/vocab/hp
200,https://identifiers.org/hgnc/6342,http://purl.org/ccf/ccf_characterizes,http://purl.obolibrary.org/obo/CL_0000097,https://purl.humanatlas.io/vocab/hp
201,https://identifiers.org/hgnc/5988,http://purl.org/ccf/ccf_characterizes,http://purl.obolibrary.org/obo/CL_0000097,https://purl.humanatlas.io/vocab/hp
202,https://identifiers.org/hgnc/7316,http://purl.org/ccf/ccf_characterizes,http://purl.obolibrary.org/obo/CL_0000097,https://purl.humanatlas.io/vocab/hp
203,https://identifiers.org/hgnc/2298,http://purl.org/ccf/ccf_characterizes,http://purl.obolibrary.org/obo/CL_0000097,https://purl.humanatlas.io/vocab/hp
204,https://identifiers.org/hgnc/10935,http://purl.org/ccf/ccf_characterizes,http://purl.obolibrary.org/obo/CL_0000097,https://purl.humanatlas.io/vocab/hp
205,https://identifiers.org/hgnc/18041,http://purl.org/ccf/ccf_characterizes,http://purl.obolibrary.org/obo/CL_0000097,https://purl.humanatlas.io/vocab/hp
206,https://identifiers.org/hgnc/4171,http://purl.org/ccf/ccf_characterizes,http://purl.obolibrary.org/obo/CL_0000097,https://purl.humanatlas.io/vocab/hp
207,https://identifiers.org/hgnc/4855,http://purl.org/ccf/ccf_characterizes,http://purl.obolibrary.org/obo/CL_0000097,https://purl.humanatlas.io/vocab/hp
208,https://identifiers.org/hgnc/10977,http://purl.org/ccf/ccf_characterizes,http://purl.obolibrary.org/obo/CL_0000097,https://purl.humanatlas.io/vocab/hp
209,https://identifiers.org/hgnc/14120,http://purl.org/ccf/ccf_characterizes,http://purl.obolibrary.org/obo/CL_0000097,https://purl.humanatlas.io/vocab/hp
210,https://identifiers.org/hgnc/21030,http://purl.org/ccf/ccf_characterizes,http://purl.obolibrary.org/obo/CL_0000097,https://purl.humanatlas.io/vocab/hp
211,https://identifiers.org/hgnc/17890,http://purl.org/ccf/ccf_characterizes,http://purl.obolibrary.org/obo/CL_0000097,https://purl.humanatlas.io/vocab/hp
212,https://identifiers.org/hgnc/10875,http://purl.org/ccf/ccf_characterizes,http://purl.obolibrary.org/obo/CL_0000097,https://purl.humanatlas.io/vocab/hp
213,https://identifiers.org/hgnc/3823,http://purl.org/ccf/ccf_characterizes,http://purl.obolibrary.org/obo/CL_0000097,https://purl.humanatlas.io/vocab/hp
214,https://identifiers.org/hgnc/8533,http://purl.org/ccf/ccf_characterizes,http://purl.obolibrary.org/obo/CL_0000097,https://purl.humanatlas.io/vocab/hp
215,https://identifiers.org/hgnc/12019,http://purl.org/ccf/ccf_characterizes,http://purl.obolibrary.org/obo/CL_0000097,https://purl.humanatlas.io/vocab/hp
216,https://identifiers.org/hgnc/2550,http://purl.org/ccf/ccf_characterizes,http://purl.obolibrary.org/obo/CL_0000097,https://purl.humanatlas.io/vocab/hp
217,https://identifiers.org/hgnc/21035,http://purl.org/ccf/ccf_characterizes,http://purl.obolibrary.org/obo/CL_0000097,https://purl.humanatlas.io/vocab/hp
218,https://identifiers.org/hgnc/14434,http://purl.org/ccf/ccf_characterizes,http://purl.obolibrary.org/obo/CL_0000097,https://purl.humanatlas.io/vocab/hp
219,https://identifiers.org/hgnc/30765,http://purl.org/ccf/ccf_characterizes,http://purl.obolibrary.org/obo/CL_0000097,https://purl.humanatlas.io/vocab/hp
220,https://identifiers.org/hgnc/9666,http://purl.org/ccf/ccf_characterizes,http://purl.obolibrary.org/obo/CL_0000576,https://purl.humanatlas.io/vocab/hp
221,https://identifiers.org/hgnc/7600,http://purl.org/ccf/ccf_characterizes,http://purl.obolibrary.org/obo/CL_0000576,https://purl.humanatlas.io/vocab/hp
222,https://identifiers.org/hgnc/2545,http://purl.org/ccf/ccf_characterizes,http://purl.obolibrary.org/obo/CL_0000576,https://purl.humanatlas.io/vocab/hp
223,https://identifiers.org/hgnc/14881,http://purl.org/ccf/ccf_characterizes,http://purl.obolibrary.org/obo/CL_0000576,https://purl.humanatlas.io/vocab/hp
224,https://identifiers.org/hgnc/9395,http://purl.org/ccf/ccf_characterizes,http://purl.obolibrary.org/obo/CL_0000576,https://purl.humanatlas.io/vocab/hp
225,https://identifiers.org/hgnc/11917,http://purl.org/ccf/ccf_characterizes,http://purl.obolibrary.org/obo/CL_0000576,https://purl.humanatlas.io/vocab/hp
226,https://identifiers.org/hgnc/548,http://purl.org/ccf/ccf_characterizes,http://purl.obolibrary.org/obo/CL_0000576,https://purl.humanatlas.io/vocab/hp
227,https://identifiers.org/hgnc/13748,http://purl.org/ccf/ccf_characterizes,http://purl.obolibrary.org/obo/CL_0000576,https://purl.humanatlas.io/vocab/hp
228,https://identifiers.org/hgnc/11609,http://purl.org/ccf/ccf_characterizes,http://purl.obolibrary.org/obo/CL_0000576,https://purl.humanatlas.io/vocab/hp
229,https://identifiers.org/hgnc/3012,http://purl.org/ccf/ccf_characterizes,http://purl.obolibrary.org/obo/CL_0000576,https://purl.humanatlas.io/vocab/hp
230,https://identifiers.org/hgnc/9213,http://purl.org/ccf/ccf_characterizes,http://purl.obolibrary.org/obo/CL_0000576,https://purl.humanatlas.io/vocab/hp
231,https://identifiers.org/hgnc/2988,http://purl.org/ccf/ccf_characterizes,http://purl.obolibrary.org/obo/CL_0000576,https://purl.humanatlas.io/vocab/hp
232,https://identifiers.org/hgnc/15925,http://purl.org/ccf/ccf_characterizes,http://purl.obolibrary.org/obo/CL_0000576,https://purl.humanatlas.io/vocab/hp
233,https://identifiers.org/hgnc/19191,http://purl.org/ccf/ccf_characterizes,http://purl.obolibrary.org/obo/CL_0000576,https://purl.humanatlas.io/vocab/hp
234,https://identifiers.org/hgnc/6735,http://purl.org/ccf/ccf_characterizes,http://purl.obolibrary.org/obo/CL_0000576,https://purl.humanatlas.io/vocab/hp
235,https://identifiers.org/hgnc/1968,http://purl.org/ccf/ccf_characterizes,http://purl.obolibrary.org/obo/CL_0000576,https://purl.humanatlas.io/vocab/hp
236,https://identifiers.org/hgnc/4036,http://purl.org/ccf/ccf_characterizes,http://purl.obolibrary.org/obo/CL_0000576,https://purl.humanatlas.io/vocab/hp
237,https://identifiers.org/hgnc/4840,http://purl.org/ccf/ccf_characterizes,http://purl.obolibrary.org/obo/CL_0000576,https://purl.humanatlas.io/vocab/hp
238,https://identifiers.org/hgnc/18304,http://purl.org/ccf/ccf_characterizes,http://purl.obolibrary.org/obo/CL_0000576,https://purl.humanatlas.io/vocab/hp
239,https://identifiers.org/hgnc/6923,http://purl.org/ccf/ccf_characterizes,http://purl.obolibrary.org/obo/CL_0000576,https://purl.humanatlas.io/vocab/hp
240,https://identifiers.org/hgnc/1928,http://purl.org/ccf/ccf_characterizes,http://purl.obolibrary.org/obo/CL_0000113,https://purl.humanatlas.io/vocab/hp
241,https://identifiers.org/hgnc/23405,http://purl.org/ccf/ccf_characterizes,http://purl.obolibrary.org/obo/CL_0000113,https://purl.humanatlas.io/vocab/hp
242,https://identifiers.org/hgnc/21013,http://purl.org/ccf/ccf_characterizes,http://purl.obolibrary.org/obo/CL_0000113,https://purl.humanatlas.io/vocab/hp
243,https://identifiers.org/hgnc/7067,http://purl.org/ccf/ccf_characterizes,http://purl.obolibrary.org/obo/CL_0000113,https://purl.humanatlas.io/vocab/hp
244,https://identifiers.org/hgnc/19341,http://purl.org/ccf/ccf_characterizes,http://purl.obolibrary.org/obo/CL_0000113,https://purl.humanatlas.io/vocab/hp
245,https://identifiers.org/hgnc/25216,http://purl.org/ccf/ccf_characterizes,http://purl.obolibrary.org/obo/CL_0000113,https://purl.humanatlas.io/vocab/hp
246,https://identifiers.org/hgnc/6993,http://purl.org/ccf/ccf_characterizes,http://purl.obolibrary.org/obo/CL_0000113,https://purl.humanatlas.io/vocab/hp
247,https://identifiers.org/hgnc/6923,http://purl.org/ccf/ccf_characterizes,http://purl.obolibrary.org/obo/CL_0000113,https://purl.humanatlas.io/vocab/hp
248,https://identifiers.org/hgnc/16286,http://purl.org/ccf/ccf_characterizes,http://purl.obolibrary.org/obo/CL_0000113,https://purl.humanatlas.io/vocab/hp
249,https://identifiers.org/hgnc/25259,http://purl.org/ccf/ccf_characterizes,http://purl.obolibrary.org/obo/CL_0000113,https://purl.humanatlas.io/vocab/hp
250,https://identifiers.org/hgnc/21030,http://purl.org/ccf/ccf_characterizes,http://purl.obolibrary.org/obo/CL_0000113,https://purl.humanatlas.io/vocab/hp
251,https://identifiers.org/hgnc/1224,http://purl.org/ccf/ccf_characterizes,http://purl.obolibrary.org/obo/CL_0000113,https://purl.humanatlas.io/vocab/hp
252,https://identifiers.org/hgnc/1309,http://purl.org/ccf/ccf_characterizes,http://purl.obolibrary.org/obo/CL_0000113,https://purl.humanatlas.io/vocab/hp
253,https://identifiers.org/hgnc/11068,http://purl.org/ccf/ccf_characterizes,http://purl.obolibrary.org/obo/CL_0000113,https://purl.humanatlas.io/vocab/hp
254,https://identifiers.org/hgnc/2888,http://purl.org/ccf/ccf_characterizes,http://purl.obolibrary.org/obo/CL_0000113,https://purl.humanatlas.io/vocab/hp
255,https://identifiers.org/hgnc/17422,http://purl.org/ccf/ccf_characterizes,http://purl.obolibrary.org/obo/CL_0000113,https://purl.humanatlas.io/vocab/hp
256,https://identifiers.org/hgnc/3012,http://purl.org/ccf/ccf_characterizes,http://purl.obolibrary.org/obo/CL_0000113,https://purl.humanatlas.io/vocab/hp
257,https://identifiers.org/hgnc/3823,http://purl.org/ccf/ccf_characterizes,http://purl.obolibrary.org/obo/CL_0000113,https://purl.humanatlas.io/vocab/hp
258,https://identifiers.org/hgnc/19191,http://purl.org/ccf/ccf_characterizes,http://purl.obolibrary.org/obo/CL_0000113,https://purl.humanatlas.io/vocab/hp
259,https://identifiers.org/hgnc/3495,http://purl.org/ccf/ccf_characterizes,http://purl.obolibrary.org/obo/CL_0000113,https://purl.humanatlas.io/vocab/hp
260,https://identifiers.org/hgnc/914,http://purl.org/ccf/ccf_characterizes,http://purl.obolibrary.org/obo/CL_0000775,https://purl.humanatlas.io/vocab/hp
261,https://identifiers.org/hgnc/2439,http://purl.org/ccf/ccf_characterizes,http://purl.obolibrary.org/obo/CL_0000775,https://purl.humanatlas.io/vocab/hp
262,https://identifiers.org/hgnc/3620,http://purl.org/ccf/ccf_characterizes,http://purl.obolibrary.org/obo/CL_0000775,https://purl.humanatlas.io/vocab/hp
263,https://identifiers.org/hgnc/5413,http://purl.org/ccf/ccf_characterizes,http://purl.obolibrary.org/obo/CL_0000775,https://purl.humanatlas.io/vocab/hp
264,https://identifiers.org/hgnc/13872,http://purl.org/ccf/ccf_characterizes,http://purl.obolibrary.org/obo/CL_0000775,https://purl.humanatlas.io/vocab/hp
265,https://identifiers.org/hgnc/9666,http://purl.org/ccf/ccf_characterizes,http://purl.obolibrary.org/obo/CL_0000775,https://purl.humanatlas.io/vocab/hp
266,https://identifiers.org/hgnc/6735,http://purl.org/ccf/ccf_characterizes,http://purl.obolibrary.org/obo/CL_0000775,https://purl.humanatlas.io/vocab/hp
267,https://identifiers.org/hgnc/17073,http://purl.org/ccf/ccf_characterizes,http://purl.obolibrary.org/obo/CL_0000775,https://purl.humanatlas.io/vocab/hp
268,https://identifiers.org/hgnc/7183,http://purl.org/ccf/ccf_characterizes,http://purl.obolibrary.org/obo/CL_0000775,https://purl.humanatlas.io/vocab/hp
269,https://identifiers.org/hgnc/29090,http://purl.org/ccf/ccf_characterizes,http://purl.obolibrary.org/obo/CL_0000775,https://purl.humanatlas.io/vocab/hp
270,https://identifiers.org/hgnc/11185,http://purl.org/ccf/ccf_characterizes,http://purl.obolibrary.org/obo/CL_0000775,https://purl.humanatlas.io/vocab/hp
271,https://identifiers.org/hgnc/2545,http://purl.org/ccf/ccf_characterizes,http://purl.obolibrary.org/obo/CL_0000775,https://purl.humanatlas.io/vocab/hp
272,https://identifiers.org/hgnc/30092,http://purl.org/ccf/ccf_characterizes,http://purl.obolibrary.org/obo/CL_0000775,https://purl.humanatlas.io/vocab/hp
273,https://identifiers.org/hgnc/30580,http://purl.org/ccf/ccf_characterizes,http://purl.obolibrary.org/obo/CL_0000775,https://purl.humanatlas.io/vocab/hp
274,https://identifiers.org/hgnc/16841,http://purl.org/ccf/ccf_characterizes,http://purl.obolibrary.org/obo/CL_0000775,https://purl.humanatlas.io/vocab/hp
275,https://identifiers.org/hgnc/21030,http://purl.org/ccf/ccf_characterizes,http://purl.obolibrary.org/obo/CL_0000775,https://purl.humanatlas.io/vocab/hp
276,https://identifiers.org/hgnc/25216,http://purl.org/ccf/ccf_characterizes,http://purl.obolibrary.org/obo/CL_0000775,https://purl.humanatlas.io/vocab/hp
277,https://identifiers.org/hgnc/6761,http://purl.org/ccf/ccf_characterizes,http://purl.obolibrary.org/obo/CL_0000775,https://purl.humanatlas.io/vocab/hp
278,https://identifiers.org/hgnc/7600,http://purl.org/ccf/ccf_characterizes,http://purl.obolibrary.org/obo/CL_0000775,https://purl.humanatlas.io/vocab/hp
279,https://identifiers.org/hgnc/4036,http://purl.org/ccf/ccf_characterizes,http://purl.obolibrary.org/obo/CL_0000775,https://purl.humanatlas.io/vocab/hp
280,https://identifiers.org/hgnc/10372,http://purl.org/ccf/ccf_characterizes,http://purl.obolibrary.org/obo/CL_1000597,https://purl.humanatlas.io/vocab/hp
281,https://identifiers.org/hgnc/10303,http://purl.org/ccf/ccf_characterizes,http://purl.obolibrary.org/obo/CL_1000597,https://purl.humanatlas.io/vocab/hp
282,https://identifiers.org/hgnc/10496,http://purl.org/ccf/ccf_characterizes,http://purl.obolibrary.org/obo/CL_1000597,https://purl.humanatlas.io/vocab/hp
283,https://identifiers.org/hgnc/10401,http://purl.org/ccf/ccf_characterizes,http://purl.obolibrary.org/obo/CL_1000597,https://purl.humanatlas.io/vocab/hp
284,https://identifiers.org/hgnc/11244,http://purl.org/ccf/ccf_characterizes,http://purl.obolibrary.org/obo/CL_1000597,https://purl.humanatlas.io/vocab/hp
285,https://identifiers.org/hgnc/18349,http://purl.org/ccf/ccf_characterizes,http://purl.obolibrary.org/obo/CL_1000597,https://purl.humanatlas.io/vocab/hp
286,https://identifiers.org/hgnc/6436,http://purl.org/ccf/ccf_characterizes,http://purl.obolibrary.org/obo/CL_1000597,https://purl.humanatlas.io/vocab/hp
287,https://identifiers.org/hgnc/10330,http://purl.org/ccf/ccf_characterizes,http://purl.obolibrary.org/obo/CL_1000597,https://purl.humanatlas.io/vocab/hp
288,https://identifiers.org/hgnc/10301,http://purl.org/ccf/ccf_characterizes,http://purl.obolibrary.org/obo/CL_1000597,https://purl.humanatlas.io/vocab/hp
289,https://identifiers.org/hgnc/10411,http://purl.org/ccf/ccf_characterizes,http://purl.obolibrary.org/obo/CL_1000597,https://purl.humanatlas.io/vocab/hp
290,https://identifiers.org/hgnc/10404,http://purl.org/ccf/ccf_characterizes,http://purl.obolibrary.org/obo/CL_1000597,https://purl.humanatlas.io/vocab/hp
291,https://identifiers.org/hgnc/10387,http://purl.org/ccf/ccf_characterizes,http://purl.obolibrary.org/obo/CL_1000597,https://purl.humanatlas.io/vocab/hp
292,https://identifiers.org/hgnc/10417,http://purl.org/ccf/ccf_characterizes,http://purl.obolibrary.org/obo/CL_1000597,https://purl.humanatlas.io/vocab/hp
293,https://identifiers.org/hgnc/10332,http://purl.org/ccf/ccf_characterizes,http://purl.obolibrary.org/obo/CL_1000597,https://purl.humanatlas.io/vocab/hp
294,https://identifiers.org/hgnc/10402,http://purl.org/ccf/ccf_characterizes,http://purl.obolibrary.org/obo/CL_1000597,https://purl.humanatlas.io/vocab/hp
295,https://identifiers.org/hgnc/10310,http://purl.org/ccf/ccf_characterizes,http://purl.obolibrary.org/obo/CL_1000597,https://purl.humanatlas.io/vocab/hp
296,https://identifiers.org/hgnc/10364,http://purl.org/ccf/ccf_characterizes,http://purl.obolibrary.org/obo/CL_1000597,https://purl.humanatlas.io/vocab/hp
297,https://identifiers.org/hgnc/10298,http://purl.org/ccf/ccf_characterizes,http://purl.obolibrary.org/obo/CL_1000597,https://purl.humanatlas.io/vocab/hp
298,https://identifiers.org/hgnc/10424,http://purl.org/ccf/ccf_characterizes,http://purl.obolibrary.org/obo/CL_1000597,https://purl.humanatlas.io/vocab/hp
299,https://identifiers.org/hgnc/10333,http://purl.org/ccf/ccf_characterizes,http://purl.obolibrary.org/obo/CL_1000597,https://purl.humanatlas.io/vocab/hp
300,https://identifiers.org/hgnc/15472,http://purl.org/ccf/ccf_characterizes,http://purl.obolibrary.org/obo/CL_1000452,https://purl.humanatlas.io/vocab/hp
301,https://identifiers.org/hgnc/25491,http://purl.org/ccf/ccf_characterizes,http://purl.obolibrary.org/obo/CL_1000452,https://purl.humanatlas.io/vocab/hp
302,https://identifiers.org/hgnc/50753,http://purl.org/ccf/ccf_characterizes,http://purl.obolibrary.org/obo/CL_1000452,https://purl.humanatlas.io/vocab/hp
303,https://identifiers.org/hgnc/18222,http://purl.org/ccf/ccf_characterizes,http://purl.obolibrary.org/obo/CL_1000452,https://purl.humanatlas.io/vocab/hp
304,https://identifiers.org/hgnc/17089,http://purl.org/ccf/ccf_characterizes,http://purl.obolibrary.org/obo/CL_1000452,https://purl.humanatlas.io/vocab/hp
305,https://identifiers.org/hgnc/16700,http://purl.org/ccf/ccf_characterizes,http://purl.obolibrary.org/obo/CL_1000452,https://purl.humanatlas.io/vocab/hp
306,https://identifiers.org/hgnc/16395,http://purl.org/ccf/ccf_characterizes,http://purl.obolibrary.org/obo/CL_1000452,https://purl.humanatlas.io/vocab/hp
307,https://identifiers.org/hgnc/18141,http://purl.org/ccf/ccf_characterizes,http://purl.obolibrary.org/obo/CL_1000452,https://purl.humanatlas.io/vocab/hp
308,https://identifiers.org/hgnc/29944,http://purl.org/ccf/ccf_characterizes,http://purl.obolibrary.org/obo/CL_1000452,https://purl.humanatlas.io/vocab/hp
309,https://identifiers.org/hgnc/11087,http://purl.org/ccf/ccf_characterizes,http://purl.obolibrary.org/obo/CL_1000452,https://purl.humanatlas.io/vocab/hp
310,https://identifiers.org/hgnc/1049,http://purl.org/ccf/ccf_characterizes,http://purl.obolibrary.org/obo/CL_1000452,https://purl.humanatlas.io/vocab/hp
311,https://identifiers.org/hgnc/7999,http://purl.org/ccf/ccf_characterizes,http://purl.obolibrary.org/obo/CL_1000452,https://purl.humanatlas.io/vocab/hp
312,https://identifiers.org/hgnc/18866,http://purl.org/ccf/ccf_characterizes,http://purl.obolibrary.org/obo/CL_1000452,https://purl.humanatlas.io/vocab/hp
313,https://identifiers.org/hgnc/6286,http://purl.org/ccf/ccf_characterizes,http://purl.obolibrary.org/obo/CL_1000452,https://purl.humanatlas.io/vocab/hp
314,https://identifiers.org/hgnc/13010,http://purl.org/ccf/ccf_characterizes,http://purl.obolibrary.org/obo/CL_1000452,https://purl.humanatlas.io/vocab/hp
315,https://identifiers.org/hgnc/29075,http://purl.org/ccf/ccf_characterizes,http://purl.obolibrary.org/obo/CL_1000452,https://purl.humanatlas.io/vocab/hp
316,https://identifiers.org/hgnc/15679,http://purl.org/ccf/ccf_characterizes,http://purl.obolibrary.org/obo/CL_1000452,https://purl.humanatlas.io/vocab/hp
317,https://identifiers.org/hgnc/4883,http://purl.org/ccf/ccf_characterizes,http://purl.obolibrary.org/obo/CL_1000452,https://purl.humanatlas.io/vocab/hp
318,https://identifiers.org/hgnc/48724,http://purl.org/ccf/ccf_characterizes,http://purl.obolibrary.org/obo/CL_1000452,https://purl.humanatlas.io/vocab/hp
319,https://identifiers.org/hgnc/8774,http://purl.org/ccf/ccf_characterizes,http://purl.obolibrary.org/obo/CL_1000452,https://purl.humanatlas.io/vocab/hp
320,https://identifiers.org/hgnc/16712,http://purl.org/ccf/ccf_characterizes,http://purl.obolibrary.org/obo/CL_0000786,https://purl.humanatlas.io/vocab/hp
321,https://identifiers.org/hgnc/24670,http://purl.org/ccf/ccf_characterizes,http://purl.obolibrary.org/obo/CL_0000786,https://purl.humanatlas.io/vocab/hp
322,https://identifiers.org/hgnc/28338,http://purl.org/ccf/ccf_characterizes,http://purl.obolibrary.org/obo/CL_0000786,https://purl.humanatlas.io/vocab/hp
323,https://identifiers.org/hgnc/18650,http://purl.org/ccf/ccf_characterizes,http://purl.obolibrary.org/obo/CL_0000786,https://purl.humanatlas.io/vocab/hp
324,https://identifiers.org/hgnc/21073,http://purl.org/ccf/ccf_characterizes,http://purl.obolibrary.org/obo/CL_0000786,https://purl.humanatlas.io/vocab/hp
325,https://identifiers.org/hgnc/22962,http://purl.org/ccf/ccf_characterizes,http://purl.obolibrary.org/obo/CL_0000786,https://purl.humanatlas.io/vocab/hp
326,https://identifiers.org/hgnc/20296,http://purl.org/ccf/ccf_characterizes,http://purl.obolibrary.org/obo/CL_0000786,https://purl.humanatlas.io/vocab/hp
327,https://identifiers.org/hgnc/4019,http://purl.org/ccf/ccf_characterizes,http://purl.obolibrary.org/obo/CL_0000786,https://purl.humanatlas.io/vocab/hp
328,https://identifiers.org/hgnc/43910,http://purl.org/ccf/ccf_characterizes,http://purl.obolibrary.org/obo/CL_0000786,https://purl.humanatlas.io/vocab/hp
329,https://identifiers.org/hgnc/18713,http://purl.org/ccf/ccf_characterizes,http://purl.obolibrary.org/obo/CL_0000786,https://purl.humanatlas.io/vocab/hp
330,https://identifiers.org/hgnc/12005,http://purl.org/ccf/ccf_characterizes,http://purl.obolibrary.org/obo/CL_0000786,https://purl.humanatlas.io/vocab/hp
331,https://identifiers.org/hgnc/29108,http://purl.org/ccf/ccf_characterizes,http://purl.obolibrary.org/obo/CL_0000786,https://purl.humanatlas.io/vocab/hp
332,https://identifiers.org/hgnc/29114,http://purl.org/ccf/ccf_characterizes,http://purl.obolibrary.org/obo/CL_0000786,https://purl.humanatlas.io/vocab/hp
333,https://identifiers.org/hgnc/4410,http://purl.org/ccf/ccf_characterizes,http://purl.obolibrary.org/obo/CL_0000786,https://purl.humanatlas.io/vocab/hp
334,https://identifiers.org/hgnc/7598,http://purl.org/ccf/ccf_characterizes,http://purl.obolibrary.org/obo/CL_0000786,https://purl.humanatlas.io/vocab/hp
335,https://identifiers.org/hgnc/1928,http://purl.org/ccf/ccf_characterizes,http://purl.obolibrary.org/obo/CL_0000786,https://purl.humanatlas.io/vocab/hp
336,https://identifiers.org/hgnc/12799,http://purl.org/ccf/ccf_characterizes,http://purl.obolibrary.org/obo/CL_0000786,https://purl.humanatlas.io/vocab/hp
337,https://identifiers.org/hgnc/7670,http://purl.org/ccf/ccf_characterizes,http://purl.obolibrary.org/obo/CL_0000786,https://purl.humanatlas.io/vocab/hp
338,https://identifiers.org/hgnc/20256,http://purl.org/ccf/ccf_characterizes,http://purl.obolibrary.org/obo/CL_0000786,https://purl.humanatlas.io/vocab/hp
339,https://identifiers.org/hgnc/9903,http://purl.org/ccf/ccf_characterizes,http://purl.obolibrary.org/obo/CL_0000786,https://purl.humanatlas.io/vocab/hp
340,https://identifiers.org/hgnc/9042,http://purl.org/ccf/ccf_characterizes,http://purl.obolibrary.org/obo/CL_0000653,https://purl.humanatlas.io/vocab/hp
341,https://identifiers.org/hgnc/9678,http://purl.org/ccf/ccf_characterizes,http://purl.obolibrary.org/obo/CL_0000653,https://purl.humanatlas.io/vocab/hp
342,https://identifiers.org/hgnc/7908,http://purl.org/ccf/ccf_characterizes,http://purl.obolibrary.org/obo/CL_0000653,https://purl.humanatlas.io/vocab/hp
343,https://identifiers.org/hgnc/17175,http://purl.org/ccf/ccf_characterizes,http://purl.obolibrary.org/obo/CL_0000653,https://purl.humanatlas.io/vocab/hp
344,https://identifiers.org/hgnc/7154,http://purl.org/ccf/ccf_characterizes,http://purl.obolibrary.org/obo/CL_0000653,https://purl.humanatlas.io/vocab/hp
345,https://identifiers.org/hgnc/13394,http://purl.org/ccf/ccf_characterizes,http://purl.obolibrary.org/obo/CL_0000653,https://purl.humanatlas.io/vocab/hp
346,https://identifiers.org/hgnc/18957,http://purl.org/ccf/ccf_characterizes,http://purl.obolibrary.org/obo/CL_0000653,https://purl.humanatlas.io/vocab/hp
347,https://identifiers.org/hgnc/13517,http://purl.org/ccf/ccf_characterizes,http://purl.obolibrary.org/obo/CL_0000653,https://purl.humanatlas.io/vocab/hp
348,https://identifiers.org/hgnc/9679,http://purl.org/ccf/ccf_characterizes,http://purl.obolibrary.org/obo/CL_0000653,https://purl.humanatlas.io/vocab/hp
349,https://identifiers.org/hgnc/16932,http://purl.org/ccf/ccf_characterizes,http://purl.obolibrary.org/obo/CL_0000653,https://purl.humanatlas.io/vocab/hp
350,https://identifiers.org/hgnc/2204,http://purl.org/ccf/ccf_characterizes,http://purl.obolibrary.org/obo/CL_0000653,https://purl.humanatlas.io/vocab/hp
351,https://identifiers.org/hgnc/19343,http://purl.org/ccf/ccf_characterizes,http://purl.obolibrary.org/obo/CL_0000653,https://purl.humanatlas.io/vocab/hp
352,https://identifiers.org/hgnc/23319,http://purl.org/ccf/ccf_characterizes,http://purl.obolibrary.org/obo/CL_0000653,https://purl.humanatlas.io/vocab/hp
353,https://identifiers.org/hgnc/14446,http://purl.org/ccf/ccf_characterizes,http://purl.obolibrary.org/obo/CL_0000653,https://purl.humanatlas.io/vocab/hp
354,https://identifiers.org/hgnc/6111,http://purl.org/ccf/ccf_characterizes,http://purl.obolibrary.org/obo/CL_0000653,https://purl.humanatlas.io/vocab/hp
355,https://identifiers.org/hgnc/14074,http://purl.org/ccf/ccf_characterizes,http://purl.obolibrary.org/obo/CL_0000653,https://purl.humanatlas.io/vocab/hp
356,https://identifiers.org/hgnc/11774,http://purl.org/ccf/ccf_characterizes,http://purl.obolibrary.org/obo/CL_0000653,https://purl.humanatlas.io/vocab/hp
357,https://identifiers.org/hgnc/9171,http://purl.org/ccf/ccf_characterizes,http://purl.obolibrary.org/obo/CL_0000653,https://purl.humanatlas.io/vocab/hp
358,https://identifiers.org/hgnc/19311,http://purl.org/ccf/ccf_characterizes,http://purl.obolibrary.org/obo/CL_0000653,https://purl.humanatlas.io/vocab/hp
359,https://identifiers.org/hgnc/19846,http://purl.org/ccf/ccf_characterizes,http://purl.obolibrary.org/obo/CL_0000653,https://purl.humanatlas.io/vocab/hp
360,https://identifiers.org/hgnc/2548,http://purl.org/ccf/ccf_characterizes,http://purl.obolibrary.org/obo/CL_0002306,https://purl.humanatlas.io/vocab/hp
361,https://identifiers.org/hgnc/32017,http://purl.org/ccf/ccf_characterizes,http://purl.obolibrary.org/obo/CL_0002306,https://purl.humanatlas.io/vocab/hp
362,https://identifiers.org/hgnc/6694,http://purl.org/ccf/ccf_characterizes,http://purl.obolibrary.org/obo/CL_0002306,https://purl.humanatlas.io/vocab/hp
363,https://identifiers.org/hgnc/10929,http://purl.org/ccf/ccf_characterizes,http://purl.obolibrary.org/obo/CL_0002306,https://purl.humanatlas.io/vocab/hp
364,https://identifiers.org/hgnc/17224,http://purl.org/ccf/ccf_characterizes,http://purl.obolibrary.org/obo/CL_0002306,https://purl.humanatlas.io/vocab/hp
365,https://identifiers.org/hgnc/30931,http://purl.org/ccf/ccf_characterizes,http://purl.obolibrary.org/obo/CL_0002306,https://purl.humanatlas.io/vocab/hp
366,https://identifiers.org/hgnc/9609,http://purl.org/ccf/ccf_characterizes,http://purl.obolibrary.org/obo/CL_0002306,https://purl.humanatlas.io/vocab/hp
367,https://identifiers.org/hgnc/2557,http://purl.org/ccf/ccf_characterizes,http://purl.obolibrary.org/obo/CL_0002306,https://purl.humanatlas.io/vocab/hp
368,https://identifiers.org/hgnc/3701,http://purl.org/ccf/ccf_characterizes,http://purl.obolibrary.org/obo/CL_0002306,https://purl.humanatlas.io/vocab/hp
369,https://identifiers.org/hgnc/23405,http://purl.org/ccf/ccf_characterizes,http://purl.obolibrary.org/obo/CL_0002306,https://purl.humanatlas.io/vocab/hp
370,https://identifiers.org/hgnc/23520,http://purl.org/ccf/ccf_characterizes,http://purl.obolibrary.org/obo/CL_0002306,https://purl.humanatlas.io/vocab/hp
371,https://identifiers.org/hgnc/14430,http://purl.org/ccf/ccf_characterizes,http://purl.obolibrary.org/obo/CL_0002306,https://purl.humanatlas.io/vocab/hp
372,https://identifiers.org/hgnc/9016,http://purl.org/ccf/ccf_characterizes,http://purl.obolibrary.org/obo/CL_0002306,https://purl.humanatlas.io/vocab/hp
373,https://identifiers.org/hgnc/17992,http://purl.org/ccf/ccf_characterizes,http://purl.obolibrary.org/obo/CL_0002306,https://purl.humanatlas.io/vocab/hp
374,https://identifiers.org/hgnc/14291,http://purl.org/ccf/ccf_characterizes,http://purl.obolibrary.org/obo/CL_0002306,https://purl.humanatlas.io/vocab/hp
375,https://identifiers.org/hgnc/30988,http://purl.org/ccf/ccf_characterizes,http://purl.obolibrary.org/obo/CL_0002306,https://purl.humanatlas.io/vocab/hp
376,https://identifiers.org/hgnc/30542,http://purl.org/ccf/ccf_characterizes,http://purl.obolibrary.org/obo/CL_0002306,https://purl.humanatlas.io/vocab/hp
377,https://identifiers.org/hgnc/26677,http://purl.org/ccf/ccf_characterizes,http://purl.obolibrary.org/obo/CL_0002306,https://purl.humanatlas.io/vocab/hp
378,https://identifiers.org/hgnc/9668,http://purl.org/ccf/ccf_characterizes,http://purl.obolibrary.org/obo/CL_0002306,https://purl.humanatlas.io/vocab/hp
379,https://identifiers.org/hgnc/16051,http://purl.org/ccf/ccf_characterizes,http://purl.obolibrary.org/obo/CL_0002306,https://purl.humanatlas.io/vocab/hp
380,https://identifiers.org/hgnc/7569,http://purl.org/ccf/ccf_characterizes,http://purl.obolibrary.org/obo/CL_1001318,https://purl.humanatlas.io/vocab/hp
381,https://identifiers.org/hgnc/1441,http://purl.org/ccf/ccf_characterizes,http://purl.obolibrary.org/obo/CL_1001318,https://purl.humanatlas.io/vocab/hp
382,,http://purl.org/ccf/ccf_characterizes,http://purl.obolibrary.org/obo/CL_1001318,https://purl.humanatlas.io/vocab/hp
383,https://identifiers.org/hgnc/3754,http://purl.org/ccf/ccf_characterizes,http://purl.obolibrary.org/obo/CL_1001318,https://purl.humanatlas.io/vocab/hp
384,https://identifiers.org/hgnc/12010,http://purl.org/ccf/ccf_characterizes,http://purl.obolibrary.org/obo/CL_1001318,https://purl.humanatlas.io/vocab/hp
385,https://identifiers.org/hgnc/12011,http://purl.org/ccf/ccf_characterizes,http://purl.obolibrary.org/obo/CL_1001318,https://purl.humanatlas.io/vocab/hp
386,https://identifiers.org/hgnc/9414,http://purl.org/ccf/ccf_characterizes,http://purl.obolibrary.org/obo/CL_1001318,https://purl.humanatlas.io/vocab/hp
387,https://identifiers.org/hgnc/6679,http://purl.org/ccf/ccf_characterizes,http://purl.obolibrary.org/obo/CL_1001318,https://purl.humanatlas.io/vocab/hp
388,https://identifiers.org/hgnc/1390,http://purl.org/ccf/ccf_characterizes,http://purl.obolibrary.org/obo/CL_1001318,https://purl.humanatlas.io/vocab/hp
389,https://identifiers.org/hgnc/11553,http://purl.org/ccf/ccf_characterizes,http://purl.obolibrary.org/obo/CL_1001318,https://purl.humanatlas.io/vocab/hp
390,https://identifiers.org/hgnc/3126,http://purl.org/ccf/ccf_characterizes,http://purl.obolibrary.org/obo/CL_1001318,https://purl.humanatlas.io/vocab/hp
391,https://identifiers.org/hgnc/130,http://purl.org/ccf/ccf_characterizes,http://purl.obolibrary.org/obo/CL_1001318,https://purl.humanatlas.io/vocab/hp
392,https://identifiers.org/hgnc/11087,http://purl.org/ccf/ccf_characterizes,http://purl.obolibrary.org/obo/CL_1001318,https://purl.humanatlas.io/vocab/hp
393,https://identifiers.org/hgnc/8804,http://purl.org/ccf/ccf_characterizes,http://purl.obolibrary.org/obo/CL_1001318,https://purl.humanatlas.io/vocab/hp
394,https://identifiers.org/hgnc/17732,http://purl.org/ccf/ccf_characterizes,http://purl.obolibrary.org/obo/CL_1001318,https://purl.humanatlas.io/vocab/hp
395,https://identifiers.org/hgnc/11220,http://purl.org/ccf/ccf_characterizes,http://purl.obolibrary.org/obo/CL_1001318,https://purl.humanatlas.io/vocab/hp
396,https://identifiers.org/hgnc/2897,http://purl.org/ccf/ccf_characterizes,http://purl.obolibrary.org/obo/CL_1001318,https://purl.humanatlas.io/vocab/hp
397,https://identifiers.org/hgnc/8778,http://purl.org/ccf/ccf_characterizes,http://purl.obolibrary.org/obo/CL_1001318,https://purl.humanatlas.io/vocab/hp
398,https://identifiers.org/hgnc/7237,http://purl.org/ccf/ccf_characterizes,http://purl.obolibrary.org/obo/CL_1001318,https://purl.humanatlas.io/vocab/hp
399,https://identifiers.org/hgnc/8748,http://purl.org/ccf/ccf_characterizes,http://purl.obolibrary.org/obo/CL_1001318,https://purl.humanatlas.io/vocab/hp
400,https://identifiers.org/hgnc/9666,http://purl.org/ccf/ccf_characterizes,http://purl.obolibrary.org/obo/CL_0000084,https://purl.humanatlas.io/vocab/hp
401,https://identifiers.org/hgnc/6923,http://purl.org/ccf/ccf_characterizes,http://purl.obolibrary.org/obo/CL_0000084,https://purl.humanatlas.io/vocab/hp
402,https://identifiers.org/hgnc/2550,http://purl.org/ccf/ccf_characterizes,http://purl.obolibrary.org/obo/CL_0000084,https://purl.humanatlas.io/vocab/hp
403,https://identifiers.org/hgnc/21030,http://purl.org/ccf/ccf_characterizes,http://purl.obolibrary.org/obo/CL_0000084,https://purl.humanatlas.io/vocab/hp
404,https://identifiers.org/hgnc/13176,http://purl.org/ccf/ccf_characterizes,http://purl.obolibrary.org/obo/CL_0000084,https://purl.humanatlas.io/vocab/hp
405,https://identifiers.org/hgnc/15605,http://purl.org/ccf/ccf_characterizes,http://purl.obolibrary.org/obo/CL_0000084,https://purl.humanatlas.io/vocab/hp
406,https://identifiers.org/hgnc/25259,http://purl.org/ccf/ccf_characterizes,http://purl.obolibrary.org/obo/CL_0000084,https://purl.humanatlas.io/vocab/hp
407,https://identifiers.org/hgnc/1585,http://purl.org/ccf/ccf_characterizes,http://purl.obolibrary.org/obo/CL_0000084,https://purl.humanatlas.io/vocab/hp
408,https://identifiers.org/hgnc/13222,http://purl.org/ccf/ccf_characterizes,http://purl.obolibrary.org/obo/CL_0000084,https://purl.humanatlas.io/vocab/hp
409,https://identifiers.org/hgnc/9403,http://purl.org/ccf/ccf_characterizes,http://purl.obolibrary.org/obo/CL_0000084,https://purl.humanatlas.io/vocab/hp
410,https://identifiers.org/hgnc/8997,http://purl.org/ccf/ccf_characterizes,http://purl.obolibrary.org/obo/CL_0000084,https://purl.humanatlas.io/vocab/hp
411,https://identifiers.org/hgnc/13872,http://purl.org/ccf/ccf_characterizes,http://purl.obolibrary.org/obo/CL_0000084,https://purl.humanatlas.io/vocab/hp
412,https://identifiers.org/hgnc/4037,http://purl.org/ccf/ccf_characterizes,http://purl.obolibrary.org/obo/CL_0000084,https://purl.humanatlas.io/vocab/hp
413,https://identifiers.org/hgnc/17422,http://purl.org/ccf/ccf_characterizes,http://purl.obolibrary.org/obo/CL_0000084,https://purl.humanatlas.io/vocab/hp
414,https://identifiers.org/hgnc/4036,http://purl.org/ccf/ccf_characterizes,http://purl.obolibrary.org/obo/CL_0000084,https://purl.humanatlas.io/vocab/hp
415,https://identifiers.org/hgnc/26124,http://purl.org/ccf/ccf_characterizes,http://purl.obolibrary.org/obo/CL_0000084,https://purl.humanatlas.io/vocab/hp
416,https://identifiers.org/hgnc/1928,http://purl.org/ccf/ccf_characterizes,http://purl.obolibrary.org/obo/CL_0000084,https://purl.humanatlas.io/vocab/hp
417,https://identifiers.org/hgnc/1677,http://purl.org/ccf/ccf_characterizes,http://purl.obolibrary.org/obo/CL_0000084,https://purl.humanatlas.io/vocab/hp
418,https://identifiers.org/hgnc/21045,http://purl.org/ccf/ccf_characterizes,http://purl.obolibrary.org/obo/CL_0000084,https://purl.humanatlas.io/vocab/hp
419,https://identifiers.org/hgnc/9395,http://purl.org/ccf/ccf_characterizes,http://purl.obolibrary.org/obo/CL_0000084,https://purl.humanatlas.io/vocab/hp
420,https://identifiers.org/hgnc/3474,http://purl.org/ccf/ccf_characterizes,http://purl.obolibrary.org/obo/CL_1001106,https://purl.humanatlas.io/vocab/hp
421,https://identifiers.org/hgnc/15917,http://purl.org/ccf/ccf_characterizes,http://purl.obolibrary.org/obo/CL_1001106,https://purl.humanatlas.io/vocab/hp
422,https://identifiers.org/hgnc/3498,http://purl.org/ccf/ccf_characterizes,http://purl.obolibrary.org/obo/CL_1001106,https://purl.humanatlas.io/vocab/hp
423,https://identifiers.org/hgnc/15460,http://purl.org/ccf/ccf_characterizes,http://purl.obolibrary.org/obo/CL_1001106,https://purl.humanatlas.io/vocab/hp
424,https://identifiers.org/hgnc/29349,http://purl.org/ccf/ccf_characterizes,http://purl.obolibrary.org/obo/CL_1001106,https://purl.humanatlas.io/vocab/hp
425,https://identifiers.org/hgnc/10910,http://purl.org/ccf/ccf_characterizes,http://purl.obolibrary.org/obo/CL_1001106,https://purl.humanatlas.io/vocab/hp
426,https://identifiers.org/hgnc/14598,http://purl.org/ccf/ccf_characterizes,http://purl.obolibrary.org/obo/CL_1001106,https://purl.humanatlas.io/vocab/hp
427,https://identifiers.org/hgnc/29173,http://purl.org/ccf/ccf_characterizes,http://purl.obolibrary.org/obo/CL_1001106,https://purl.humanatlas.io/vocab/hp
428,https://identifiers.org/hgnc/1514,http://purl.org/ccf/ccf_characterizes,http://purl.obolibrary.org/obo/CL_1001106,https://purl.humanatlas.io/vocab/hp
429,https://identifiers.org/hgnc/23219,http://purl.org/ccf/ccf_characterizes,http://purl.obolibrary.org/obo/CL_1001106,https://purl.humanatlas.io/vocab/hp
430,https://identifiers.org/hgnc/12799,http://purl.org/ccf/ccf_characterizes,http://purl.obolibrary.org/obo/CL_1001106,https://purl.humanatlas.io/vocab/hp
431,https://identifiers.org/hgnc/8774,http://purl.org/ccf/ccf_characterizes,http://purl.obolibrary.org/obo/CL_1001106,https://purl.humanatlas.io/vocab/hp
432,https://identifiers.org/hgnc/3701,http://purl.org/ccf/ccf_characterizes,http://purl.obolibrary.org/obo/CL_1001106,https://purl.humanatlas.io/vocab/hp
433,https://identifiers.org/hgnc/9016,http://purl.org/ccf/ccf_characterizes,http://purl.obolibrary.org/obo/CL_1001106,https://purl.humanatlas.io/vocab/hp
434,https://identifiers.org/hgnc/3432,http://purl.org/ccf/ccf_characterizes,http://purl.obolibrary.org/obo/CL_1001106,https://purl.humanatlas.io/vocab/hp
435,https://identifiers.org/hgnc/9026,http://purl.org/ccf/ccf_characterizes,http://purl.obolibrary.org/obo/CL_1001106,https://purl.humanatlas.io/vocab/hp
436,https://identifiers.org/hgnc/1742,http://purl.org/ccf/ccf_characterizes,http://purl.obolibrary.org/obo/CL_1001106,https://purl.humanatlas.io/vocab/hp
437,,http://purl.org/ccf/ccf_characterizes,http://purl.obolibrary.org/obo/CL_1001106,https://purl.humanatlas.io/vocab/hp
438,https://identifiers.org/hgnc/21380,http://purl.org/ccf/ccf_characterizes,http://purl.obolibrary.org/obo/CL_1001106,https://purl.humanatlas.io/vocab/hp
439,https://identifiers.org/hgnc/19125,http://purl.org/ccf/ccf_characterizes,http://purl.obolibrary.org/obo/CL_1001106,https://purl.humanatlas.io/vocab/hp
440,https://identifiers.org/hgnc/8008,http://purl.org/ccf/ccf_characterizes,http://purl.obolibrary.org/obo/CL_0002319,https://purl.humanatlas.io/vocab/hp
441,https://identifiers.org/hgnc/29394,http://purl.org/ccf/ccf_characterizes,http://purl.obolibrary.org/obo/CL_0002319,https://purl.humanatlas.io/vocab/hp
442,https://identifiers.org/hgnc/29849,http://purl.org/ccf/ccf_characterizes,http://purl.obolibrary.org/obo/CL_0002319,https://purl.humanatlas.io/vocab/hp
443,https://identifiers.org/hgnc/945,http://purl.org/ccf/ccf_characterizes,http://purl.obolibrary.org/obo/CL_0002319,https://purl.humanatlas.io/vocab/hp
444,https://identifiers.org/hgnc/2897,http://purl.org/ccf/ccf_characterizes,http://purl.obolibrary.org/obo/CL_0002319,https://purl.humanatlas.io/vocab/hp
445,https://identifiers.org/hgnc/4580,http://purl.org/ccf/ccf_characterizes,http://purl.obolibrary.org/obo/CL_0002319,https://purl.humanatlas.io/vocab/hp
446,https://identifiers.org/hgnc/8010,http://purl.org/ccf/ccf_characterizes,http://purl.obolibrary.org/obo/CL_0002319,https://purl.humanatlas.io/vocab/hp
447,https://identifiers.org/hgnc/25491,http://purl.org/ccf/ccf_characterizes,http://purl.obolibrary.org/obo/CL_0002319,https://purl.humanatlas.io/vocab/hp
448,https://identifiers.org/hgnc/17302,http://purl.org/ccf/ccf_characterizes,http://purl.obolibrary.org/obo/CL_0002319,https://purl.humanatlas.io/vocab/hp
449,https://identifiers.org/hgnc/13503,http://purl.org/ccf/ccf_characterizes,http://purl.obolibrary.org/obo/CL_0002319,https://purl.humanatlas.io/vocab/hp
450,https://identifiers.org/hgnc/9393,http://purl.org/ccf/ccf_characterizes,http://purl.obolibrary.org/obo/CL_0002319,https://purl.humanatlas.io/vocab/hp
451,https://identifiers.org/hgnc/19164,http://purl.org/ccf/ccf_characterizes,http://purl.obolibrary.org/obo/CL_0002319,https://purl.humanatlas.io/vocab/hp
452,,http://purl.org/ccf/ccf_characterizes,http://purl.obolibrary.org/obo/CL_0002319,https://purl.humanatlas.io/vocab/hp
453,https://identifiers.org/hgnc/25361,http://purl.org/ccf/ccf_characterizes,http://purl.obolibrary.org/obo/CL_0002319,https://purl.humanatlas.io/vocab/hp
454,https://identifiers.org/hgnc/29144,http://purl.org/ccf/ccf_characterizes,http://purl.obolibrary.org/obo/CL_0002319,https://purl.humanatlas.io/vocab/hp
455,https://identifiers.org/hgnc/14881,http://purl.org/ccf/ccf_characterizes,http://purl.obolibrary.org/obo/CL_0002319,https://purl.humanatlas.io/vocab/hp
456,https://identifiers.org/hgnc/26829,http://purl.org/ccf/ccf_characterizes,http://purl.obolibrary.org/obo/CL_0002319,https://purl.humanatlas.io/vocab/hp
457,https://identifiers.org/hgnc/13427,http://purl.org/ccf/ccf_characterizes,http://purl.obolibrary.org/obo/CL_0002319,https://purl.humanatlas.io/vocab/hp
458,https://identifiers.org/hgnc/37190,http://purl.org/ccf/ccf_characterizes,http://purl.obolibrary.org/obo/CL_0002319,https://purl.humanatlas.io/vocab/hp
459,https://identifiers.org/hgnc/4169,http://purl.org/ccf/ccf_characterizes,http://purl.obolibrary.org/obo/CL_0002319,https://purl.humanatlas.io/vocab/hp
