,Unnamed: 0,iri,label,type,source
0,0,http://identifiers.org/hgnc/18233,BANK1,http://purl.bioontology.org/ontology/HGNC/gene,https://purl.humanatlas.io/vocab/hp
1,1,http://identifiers.org/hgnc/9395,PRKCB,http://purl.bioontology.org/ontology/HGNC/gene,https://purl.humanatlas.io/vocab/hp
2,2,http://identifiers.org/hgnc/21030,ARHGAP15,http://purl.bioontology.org/ontology/HGNC/gene,https://purl.humanatlas.io/vocab/hp
3,3,http://identifiers.org/hgnc/25259,ANKRD44,http://purl.bioontology.org/ontology/HGNC/gene,https://purl.humanatlas.io/vocab/hp
4,4,http://identifiers.org/hgnc/6473,AFF3,http://purl.bioontology.org/ontology/HGNC/gene,https://purl.humanatlas.io/vocab/hp
5,5,http://identifiers.org/hgnc/13872,RIPOR2,http://purl.bioontology.org/ontology/HGNC/gene,https://purl.humanatlas.io/vocab/hp
6,6,http://identifiers.org/hgnc/30279,RALGPS2,http://purl.bioontology.org/ontology/HGNC/gene,https://purl.humanatlas.io/vocab/hp
7,7,http://identifiers.org/hgnc/29114,FCHSD2,http://purl.bioontology.org/ontology/HGNC/gene,https://purl.humanatlas.io/vocab/hp
8,8,http://identifiers.org/hgnc/6923,MBNL1,http://purl.bioontology.org/ontology/HGNC/gene,https://purl.humanatlas.io/vocab/hp
9,9,http://identifiers.org/hgnc/9666,PTPRC,http://purl.bioontology.org/ontology/HGNC/gene,https://purl.humanatlas.io/vocab/hp
10,10,http://identifiers.org/hgnc/19341,CAMK1D,http://purl.bioontology.org/ontology/HGNC/gene,https://purl.humanatlas.io/vocab/hp
11,11,http://identifiers.org/hgnc/6079,INPP5D,http://purl.bioontology.org/ontology/HGNC/gene,https://purl.humanatlas.io/vocab/hp
12,12,http://identifiers.org/hgnc/1585,CCND3,http://purl.bioontology.org/ontology/HGNC/gene,https://purl.humanatlas.io/vocab/hp
13,13,http://identifiers.org/hgnc/1057,BLK,http://purl.bioontology.org/ontology/HGNC/gene,https://purl.humanatlas.io/vocab/hp
14,14,http://identifiers.org/hgnc/13176,IKZF1,http://purl.bioontology.org/ontology/HGNC/gene,https://purl.humanatlas.io/vocab/hp
15,15,http://identifiers.org/hgnc/25361,ARHGAP24,http://purl.bioontology.org/ontology/HGNC/gene,https://purl.humanatlas.io/vocab/hp
16,16,http://identifiers.org/hgnc/2988,DOCK2,http://purl.bioontology.org/ontology/HGNC/gene,https://purl.humanatlas.io/vocab/hp
17,17,http://identifiers.org/hgnc/8619,PAX5,http://purl.bioontology.org/ontology/HGNC/gene,https://purl.humanatlas.io/vocab/hp
18,18,http://identifiers.org/hgnc/29146,TMEM131L,http://purl.bioontology.org/ontology/HGNC/gene,https://purl.humanatlas.io/vocab/hp
19,19,http://identifiers.org/hgnc/16395,OSBPL10,http://purl.bioontology.org/ontology/HGNC/gene,https://purl.humanatlas.io/vocab/hp
20,20,http://identifiers.org/hgnc/14467,SLC26A7,http://purl.bioontology.org/ontology/HGNC/gene,https://purl.humanatlas.io/vocab/hp
21,21,http://identifiers.org/hgnc/946,MAGI1,http://purl.bioontology.org/ontology/HGNC/gene,https://purl.humanatlas.io/vocab/hp
22,22,http://identifiers.org/hgnc/17438,CLNK,http://purl.bioontology.org/ontology/HGNC/gene,https://purl.humanatlas.io/vocab/hp
23,23,http://identifiers.org/hgnc/18266,ATP6V0D2,http://purl.bioontology.org/ontology/HGNC/gene,https://purl.humanatlas.io/vocab/hp
24,24,http://identifiers.org/hgnc/7728,NEDD4L,http://purl.bioontology.org/ontology/HGNC/gene,https://purl.humanatlas.io/vocab/hp
25,25,http://identifiers.org/hgnc/866,ATP6V0A4,http://purl.bioontology.org/ontology/HGNC/gene,https://purl.humanatlas.io/vocab/hp
26,26,http://identifiers.org/hgnc/19030,ADGRF5,http://purl.bioontology.org/ontology/HGNC/gene,https://purl.humanatlas.io/vocab/hp
27,27,http://identifiers.org/hgnc/3041,RCAN2,http://purl.bioontology.org/ontology/HGNC/gene,https://purl.humanatlas.io/vocab/hp
28,28,http://identifiers.org/hgnc/8776,PDE1C,http://purl.bioontology.org/ontology/HGNC/gene,https://purl.humanatlas.io/vocab/hp
29,29,http://identifiers.org/hgnc/25308,TMEM117,http://purl.bioontology.org/ontology/HGNC/gene,https://purl.humanatlas.io/vocab/hp
30,30,http://identifiers.org/hgnc/11168,SNTB1,http://purl.bioontology.org/ontology/HGNC/gene,https://purl.humanatlas.io/vocab/hp
31,31,http://identifiers.org/hgnc/17925,TFCP2L1,http://purl.bioontology.org/ontology/HGNC/gene,https://purl.humanatlas.io/vocab/hp
32,32,http://identifiers.org/hgnc/18264,ATP6V1C2,http://purl.bioontology.org/ontology/HGNC/gene,https://purl.humanatlas.io/vocab/hp
33,33,http://identifiers.org/hgnc/21035,ARHGAP18,http://purl.bioontology.org/ontology/HGNC/gene,https://purl.humanatlas.io/vocab/hp
34,34,http://identifiers.org/hgnc/3420,EPS8,http://purl.bioontology.org/ontology/HGNC/gene,https://purl.humanatlas.io/vocab/hp
35,35,http://identifiers.org/hgnc/3823,FOXP1,http://purl.bioontology.org/ontology/HGNC/gene,https://purl.humanatlas.io/vocab/hp
36,36,http://identifiers.org/hgnc/29246,TBC1D14,http://purl.bioontology.org/ontology/HGNC/gene,https://purl.humanatlas.io/vocab/hp
37,37,http://identifiers.org/hgnc/1180,MPPED2,http://purl.bioontology.org/ontology/HGNC/gene,https://purl.humanatlas.io/vocab/hp
38,38,http://identifiers.org/hgnc/9673,PTPRJ,http://purl.bioontology.org/ontology/HGNC/gene,https://purl.humanatlas.io/vocab/hp
39,39,http://identifiers.org/hgnc/6181,ITPR2,http://purl.bioontology.org/ontology/HGNC/gene,https://purl.humanatlas.io/vocab/hp
40,40,http://identifiers.org/hgnc/4028,FXYD4,http://purl.bioontology.org/ontology/HGNC/gene,https://purl.humanatlas.io/vocab/hp
42,42,http://identifiers.org/hgnc/634,AQP2,http://purl.bioontology.org/ontology/HGNC/gene,https://purl.humanatlas.io/vocab/hp
43,43,http://identifiers.org/hgnc/18610,KSR2,http://purl.bioontology.org/ontology/HGNC/gene,https://purl.humanatlas.io/vocab/hp
44,44,http://identifiers.org/hgnc/636,AQP3,http://purl.bioontology.org/ontology/HGNC/gene,https://purl.humanatlas.io/vocab/hp
45,45,http://identifiers.org/hgnc/4172,GATA3,http://purl.bioontology.org/ontology/HGNC/gene,https://purl.humanatlas.io/vocab/hp
46,46,http://identifiers.org/hgnc/8602,PAPPA,http://purl.bioontology.org/ontology/HGNC/gene,https://purl.humanatlas.io/vocab/hp
47,47,http://identifiers.org/hgnc/3522,EYA4,http://purl.bioontology.org/ontology/HGNC/gene,https://purl.humanatlas.io/vocab/hp
48,48,http://identifiers.org/hgnc/1077,BMPR1B,http://purl.bioontology.org/ontology/HGNC/gene,https://purl.humanatlas.io/vocab/hp
49,49,http://identifiers.org/hgnc/13447,SLC38A1,http://purl.bioontology.org/ontology/HGNC/gene,https://purl.humanatlas.io/vocab/hp
50,50,http://identifiers.org/hgnc/10602,SCNN1G,http://purl.bioontology.org/ontology/HGNC/gene,https://purl.humanatlas.io/vocab/hp
51,51,http://identifiers.org/hgnc/9841,RALBP1,http://purl.bioontology.org/ontology/HGNC/gene,https://purl.humanatlas.io/vocab/hp
52,52,http://identifiers.org/hgnc/3320,ELF5,http://purl.bioontology.org/ontology/HGNC/gene,https://purl.humanatlas.io/vocab/hp
53,53,http://identifiers.org/hgnc/2095,CLU,http://purl.bioontology.org/ontology/HGNC/gene,https://purl.humanatlas.io/vocab/hp
54,54,http://identifiers.org/hgnc/8973,PIK3C2G,http://purl.bioontology.org/ontology/HGNC/gene,https://purl.humanatlas.io/vocab/hp
55,55,http://identifiers.org/hgnc/26197,TOP6BL,http://purl.bioontology.org/ontology/HGNC/gene,https://purl.humanatlas.io/vocab/hp
56,56,http://identifiers.org/hgnc/10253,PTBP3,http://purl.bioontology.org/ontology/HGNC/gene,https://purl.humanatlas.io/vocab/hp
57,57,http://identifiers.org/hgnc/10860,ST6GAL1,http://purl.bioontology.org/ontology/HGNC/gene,https://purl.humanatlas.io/vocab/hp
58,58,http://identifiers.org/hgnc/33235,PWRN1,http://purl.bioontology.org/ontology/HGNC/gene,https://purl.humanatlas.io/vocab/hp
59,59,http://identifiers.org/hgnc/11092,SLPI,http://purl.bioontology.org/ontology/HGNC/gene,https://purl.humanatlas.io/vocab/hp
62,62,http://identifiers.org/hgnc/11068,SLC8A1,http://purl.bioontology.org/ontology/HGNC/gene,https://purl.humanatlas.io/vocab/hp
63,63,http://identifiers.org/hgnc/10588,SCN2A,http://purl.bioontology.org/ontology/HGNC/gene,https://purl.humanatlas.io/vocab/hp
64,64,http://identifiers.org/hgnc/8973,PIK3C2G,http://purl.bioontology.org/ontology/HGNC/gene,https://purl.humanatlas.io/vocab/hp
65,65,http://identifiers.org/hgnc/5209,HSD11B2,http://purl.bioontology.org/ontology/HGNC/gene,https://purl.humanatlas.io/vocab/hp
66,66,http://identifiers.org/hgnc/7174,MMP7,http://purl.bioontology.org/ontology/HGNC/gene,https://purl.humanatlas.io/vocab/hp
67,67,http://identifiers.org/hgnc/49222,LINC01099,http://purl.bioontology.org/ontology/HGNC/gene,https://purl.humanatlas.io/vocab/hp
68,68,http://identifiers.org/hgnc/16018,CADPS2,http://purl.bioontology.org/ontology/HGNC/gene,https://purl.humanatlas.io/vocab/hp
69,69,http://identifiers.org/hgnc/27152,APCDD1L-DT,http://purl.bioontology.org/ontology/HGNC/gene,https://purl.humanatlas.io/vocab/hp
70,70,http://identifiers.org/hgnc/48667,TEX41,http://purl.bioontology.org/ontology/HGNC/gene,https://purl.humanatlas.io/vocab/hp
71,71,http://identifiers.org/hgnc/19221,WSB1,http://purl.bioontology.org/ontology/HGNC/gene,https://purl.humanatlas.io/vocab/hp
72,72,http://identifiers.org/hgnc/18141,DCDC2,http://purl.bioontology.org/ontology/HGNC/gene,https://purl.humanatlas.io/vocab/hp
73,73,http://identifiers.org/hgnc/11972,TOX3,http://purl.bioontology.org/ontology/HGNC/gene,https://purl.humanatlas.io/vocab/hp
74,74,http://identifiers.org/hgnc/8783,PDE4D,http://purl.bioontology.org/ontology/HGNC/gene,https://purl.humanatlas.io/vocab/hp
75,75,http://identifiers.org/hgnc/23571,COBLL1,http://purl.bioontology.org/ontology/HGNC/gene,https://purl.humanatlas.io/vocab/hp
76,76,http://identifiers.org/hgnc/2095,CLU,http://purl.bioontology.org/ontology/HGNC/gene,https://purl.humanatlas.io/vocab/hp
77,77,http://identifiers.org/hgnc/11092,SLPI,http://purl.bioontology.org/ontology/HGNC/gene,https://purl.humanatlas.io/vocab/hp
78,78,http://identifiers.org/hgnc/1180,MPPED2,http://purl.bioontology.org/ontology/HGNC/gene,https://purl.humanatlas.io/vocab/hp
79,79,http://identifiers.org/hgnc/19414,DPY19L2,http://purl.bioontology.org/ontology/HGNC/gene,https://purl.humanatlas.io/vocab/hp
80,80,http://identifiers.org/hgnc/29323,WDFY4,http://purl.bioontology.org/ontology/HGNC/gene,https://purl.humanatlas.io/vocab/hp
81,81,http://identifiers.org/hgnc/5358,IRF8,http://purl.bioontology.org/ontology/HGNC/gene,https://purl.humanatlas.io/vocab/hp
82,82,http://identifiers.org/hgnc/3495,ETV6,http://purl.bioontology.org/ontology/HGNC/gene,https://purl.humanatlas.io/vocab/hp
83,83,http://identifiers.org/hgnc/14262,AUTS2,http://purl.bioontology.org/ontology/HGNC/gene,https://purl.humanatlas.io/vocab/hp
84,84,http://identifiers.org/hgnc/7067,CIITA,http://purl.bioontology.org/ontology/HGNC/gene,https://purl.humanatlas.io/vocab/hp
85,85,http://identifiers.org/hgnc/16286,ELMO1,http://purl.bioontology.org/ontology/HGNC/gene,https://purl.humanatlas.io/vocab/hp
86,86,http://identifiers.org/hgnc/17069,FNBP1,http://purl.bioontology.org/ontology/HGNC/gene,https://purl.humanatlas.io/vocab/hp
87,87,http://identifiers.org/hgnc/3765,FLT3,http://purl.bioontology.org/ontology/HGNC/gene,https://purl.humanatlas.io/vocab/hp
88,88,http://identifiers.org/hgnc/1224,LDLRAD4,http://purl.bioontology.org/ontology/HGNC/gene,https://purl.humanatlas.io/vocab/hp
89,89,http://identifiers.org/hgnc/14065,HDAC9,http://purl.bioontology.org/ontology/HGNC/gene,https://purl.humanatlas.io/vocab/hp
90,90,http://identifiers.org/hgnc/2988,DOCK2,http://purl.bioontology.org/ontology/HGNC/gene,https://purl.humanatlas.io/vocab/hp
91,91,http://identifiers.org/hgnc/23479,DOCK10,http://purl.bioontology.org/ontology/HGNC/gene,https://purl.humanatlas.io/vocab/hp
92,92,http://identifiers.org/hgnc/25523,CCDC88A,http://purl.bioontology.org/ontology/HGNC/gene,https://purl.humanatlas.io/vocab/hp
93,93,http://identifiers.org/hgnc/15925,SAMHD1,http://purl.bioontology.org/ontology/HGNC/gene,https://purl.humanatlas.io/vocab/hp
94,94,http://identifiers.org/hgnc/17438,CLNK,http://purl.bioontology.org/ontology/HGNC/gene,https://purl.humanatlas.io/vocab/hp
95,95,http://identifiers.org/hgnc/6473,AFF3,http://purl.bioontology.org/ontology/HGNC/gene,https://purl.humanatlas.io/vocab/hp
96,96,http://identifiers.org/hgnc/2550,CELF2,http://purl.bioontology.org/ontology/HGNC/gene,https://purl.humanatlas.io/vocab/hp
97,97,http://identifiers.org/hgnc/2720,ASAP1,http://purl.bioontology.org/ontology/HGNC/gene,https://purl.humanatlas.io/vocab/hp
98,98,http://identifiers.org/hgnc/1537,CBFA2T3,http://purl.bioontology.org/ontology/HGNC/gene,https://purl.humanatlas.io/vocab/hp
99,99,http://identifiers.org/hgnc/25216,CYRIB,http://purl.bioontology.org/ontology/HGNC/gene,https://purl.humanatlas.io/vocab/hp
100,100,http://identifiers.org/hgnc/10912,SLC12A3,http://purl.bioontology.org/ontology/HGNC/gene,https://purl.humanatlas.io/vocab/hp
101,101,http://identifiers.org/hgnc/14540,WNK1,http://purl.bioontology.org/ontology/HGNC/gene,https://purl.humanatlas.io/vocab/hp
102,102,http://identifiers.org/hgnc/17994,TRPM7,http://purl.bioontology.org/ontology/HGNC/gene,https://purl.humanatlas.io/vocab/hp
103,103,http://identifiers.org/hgnc/26438,TMEM52B,http://purl.bioontology.org/ontology/HGNC/gene,https://purl.humanatlas.io/vocab/hp
104,104,http://identifiers.org/hgnc/1371,CA12,http://purl.bioontology.org/ontology/HGNC/gene,https://purl.humanatlas.io/vocab/hp
105,105,http://identifiers.org/hgnc/6262,KCNJ16,http://purl.bioontology.org/ontology/HGNC/gene,https://purl.humanatlas.io/vocab/hp
106,106,http://identifiers.org/hgnc/1404,CACNB4,http://purl.bioontology.org/ontology/HGNC/gene,https://purl.humanatlas.io/vocab/hp
108,108,http://identifiers.org/hgnc/6354,KLHL3,http://purl.bioontology.org/ontology/HGNC/gene,https://purl.humanatlas.io/vocab/hp
110,110,http://identifiers.org/hgnc/17995,TRPM6,http://purl.bioontology.org/ontology/HGNC/gene,https://purl.humanatlas.io/vocab/hp
112,112,http://identifiers.org/hgnc/21747,CPEB4,http://purl.bioontology.org/ontology/HGNC/gene,https://purl.humanatlas.io/vocab/hp
113,113,http://identifiers.org/hgnc/3474,ESRRG,http://purl.bioontology.org/ontology/HGNC/gene,https://purl.humanatlas.io/vocab/hp
114,114,http://identifiers.org/hgnc/11255,SPP1,http://purl.bioontology.org/ontology/HGNC/gene,https://purl.humanatlas.io/vocab/hp
115,115,http://identifiers.org/hgnc/103,CNNM2,http://purl.bioontology.org/ontology/HGNC/gene,https://purl.humanatlas.io/vocab/hp
116,116,http://identifiers.org/hgnc/35,ABCA5,http://purl.bioontology.org/ontology/HGNC/gene,https://purl.humanatlas.io/vocab/hp
117,117,http://identifiers.org/hgnc/10588,SCN2A,http://purl.bioontology.org/ontology/HGNC/gene,https://purl.humanatlas.io/vocab/hp
118,118,http://identifiers.org/hgnc/3498,MECOM,http://purl.bioontology.org/ontology/HGNC/gene,https://purl.humanatlas.io/vocab/hp
119,119,http://identifiers.org/hgnc/3432,ERBB4,http://purl.bioontology.org/ontology/HGNC/gene,https://purl.humanatlas.io/vocab/hp
120,120,http://identifiers.org/hgnc/9675,PTPRM,http://purl.bioontology.org/ontology/HGNC/gene,https://purl.humanatlas.io/vocab/hp
121,121,http://identifiers.org/hgnc/7001,MEIS2,http://purl.bioontology.org/ontology/HGNC/gene,https://purl.humanatlas.io/vocab/hp
122,122,http://identifiers.org/hgnc/9665,PTPRB,http://purl.bioontology.org/ontology/HGNC/gene,https://purl.humanatlas.io/vocab/hp
123,123,http://identifiers.org/hgnc/13427,RBMS3,http://purl.bioontology.org/ontology/HGNC/gene,https://purl.humanatlas.io/vocab/hp
124,124,http://identifiers.org/hgnc/6533,LDB2,http://purl.bioontology.org/ontology/HGNC/gene,https://purl.humanatlas.io/vocab/hp
125,125,http://identifiers.org/hgnc/19192,DOCK4,http://purl.bioontology.org/ontology/HGNC/gene,https://purl.humanatlas.io/vocab/hp
126,126,http://identifiers.org/hgnc/2720,ASAP1,http://purl.bioontology.org/ontology/HGNC/gene,https://purl.humanatlas.io/vocab/hp
127,127,http://identifiers.org/hgnc/9671,PTPRG,http://purl.bioontology.org/ontology/HGNC/gene,https://purl.humanatlas.io/vocab/hp
128,128,http://identifiers.org/hgnc/19343,ST6GALNAC3,http://purl.bioontology.org/ontology/HGNC/gene,https://purl.humanatlas.io/vocab/hp
129,129,http://identifiers.org/hgnc/11642,ZEB1,http://purl.bioontology.org/ontology/HGNC/gene,https://purl.humanatlas.io/vocab/hp
130,130,http://identifiers.org/hgnc/12635,UTRN,http://purl.bioontology.org/ontology/HGNC/gene,https://purl.humanatlas.io/vocab/hp
131,131,http://identifiers.org/hgnc/16286,ELMO1,http://purl.bioontology.org/ontology/HGNC/gene,https://purl.humanatlas.io/vocab/hp
132,132,http://identifiers.org/hgnc/8823,PECAM1,http://purl.bioontology.org/ontology/HGNC/gene,https://purl.humanatlas.io/vocab/hp
133,133,http://identifiers.org/hgnc/393,AKT3,http://purl.bioontology.org/ontology/HGNC/gene,https://purl.humanatlas.io/vocab/hp
134,134,http://identifiers.org/hgnc/9403,PRKCH,http://purl.bioontology.org/ontology/HGNC/gene,https://purl.humanatlas.io/vocab/hp
135,135,http://identifiers.org/hgnc/29179,TTC28,http://purl.bioontology.org/ontology/HGNC/gene,https://purl.humanatlas.io/vocab/hp
136,136,http://identifiers.org/hgnc/9874,RASAL2,http://purl.bioontology.org/ontology/HGNC/gene,https://purl.humanatlas.io/vocab/hp
137,137,http://identifiers.org/hgnc/3446,ERG,http://purl.bioontology.org/ontology/HGNC/gene,https://purl.humanatlas.io/vocab/hp
138,138,http://identifiers.org/hgnc/11724,TEK,http://purl.bioontology.org/ontology/HGNC/gene,https://purl.humanatlas.io/vocab/hp
139,139,http://identifiers.org/hgnc/29216,ARHGAP31,http://purl.bioontology.org/ontology/HGNC/gene,https://purl.humanatlas.io/vocab/hp
140,140,http://identifiers.org/hgnc/23405,LRMDA,http://purl.bioontology.org/ontology/HGNC/gene,https://purl.humanatlas.io/vocab/hp
141,141,http://identifiers.org/hgnc/24886,FRMD4B,http://purl.bioontology.org/ontology/HGNC/gene,https://purl.humanatlas.io/vocab/hp
142,142,http://identifiers.org/hgnc/20653,SLC9A9,http://purl.bioontology.org/ontology/HGNC/gene,https://purl.humanatlas.io/vocab/hp
143,143,http://identifiers.org/hgnc/16286,ELMO1,http://purl.bioontology.org/ontology/HGNC/gene,https://purl.humanatlas.io/vocab/hp
144,144,http://identifiers.org/hgnc/1928,FOXN3,http://purl.bioontology.org/ontology/HGNC/gene,https://purl.humanatlas.io/vocab/hp
145,145,http://identifiers.org/hgnc/6181,ITPR2,http://purl.bioontology.org/ontology/HGNC/gene,https://purl.humanatlas.io/vocab/hp
146,146,http://identifiers.org/hgnc/14881,ZEB2,http://purl.bioontology.org/ontology/HGNC/gene,https://purl.humanatlas.io/vocab/hp
147,147,http://identifiers.org/hgnc/1224,LDLRAD4,http://purl.bioontology.org/ontology/HGNC/gene,https://purl.humanatlas.io/vocab/hp
148,148,http://identifiers.org/hgnc/29114,FCHSD2,http://purl.bioontology.org/ontology/HGNC/gene,https://purl.humanatlas.io/vocab/hp
149,149,http://identifiers.org/hgnc/10962,SLCO2B1,http://purl.bioontology.org/ontology/HGNC/gene,https://purl.humanatlas.io/vocab/hp
150,150,http://identifiers.org/hgnc/11609,TBXAS1,http://purl.bioontology.org/ontology/HGNC/gene,https://purl.humanatlas.io/vocab/hp
151,151,http://identifiers.org/hgnc/6993,MEF2A,http://purl.bioontology.org/ontology/HGNC/gene,https://purl.humanatlas.io/vocab/hp
152,152,http://identifiers.org/hgnc/16935,ATG7,http://purl.bioontology.org/ontology/HGNC/gene,https://purl.humanatlas.io/vocab/hp
153,153,http://identifiers.org/hgnc/11623,TCF12,http://purl.bioontology.org/ontology/HGNC/gene,https://purl.humanatlas.io/vocab/hp
154,154,http://identifiers.org/hgnc/6183,ITSN1,http://purl.bioontology.org/ontology/HGNC/gene,https://purl.humanatlas.io/vocab/hp
155,155,http://identifiers.org/hgnc/2988,DOCK2,http://purl.bioontology.org/ontology/HGNC/gene,https://purl.humanatlas.io/vocab/hp
156,156,http://identifiers.org/hgnc/25491,FRMD4A,http://purl.bioontology.org/ontology/HGNC/gene,https://purl.humanatlas.io/vocab/hp
157,157,http://identifiers.org/hgnc/3012,DPYD,http://purl.bioontology.org/ontology/HGNC/gene,https://purl.humanatlas.io/vocab/hp
158,158,http://identifiers.org/hgnc/2888,DISC1,http://purl.bioontology.org/ontology/HGNC/gene,https://purl.humanatlas.io/vocab/hp
159,159,http://identifiers.org/hgnc/21013,PLXDC2,http://purl.bioontology.org/ontology/HGNC/gene,https://purl.humanatlas.io/vocab/hp
160,160,http://identifiers.org/hgnc/1346,C7,http://purl.bioontology.org/ontology/HGNC/gene,https://purl.humanatlas.io/vocab/hp
161,161,http://identifiers.org/hgnc/1441,CALD1,http://purl.bioontology.org/ontology/HGNC/gene,https://purl.humanatlas.io/vocab/hp
162,162,http://identifiers.org/hgnc/7000,MEIS1,http://purl.bioontology.org/ontology/HGNC/gene,https://purl.humanatlas.io/vocab/hp
163,163,http://identifiers.org/hgnc/13427,RBMS3,http://purl.bioontology.org/ontology/HGNC/gene,https://purl.humanatlas.io/vocab/hp
164,164,http://identifiers.org/hgnc/2198,COL1A2,http://purl.bioontology.org/ontology/HGNC/gene,https://purl.humanatlas.io/vocab/hp
165,165,http://identifiers.org/hgnc/6134,ITGA1,http://purl.bioontology.org/ontology/HGNC/gene,https://purl.humanatlas.io/vocab/hp
166,166,http://identifiers.org/hgnc/13010,TSHZ2,http://purl.bioontology.org/ontology/HGNC/gene,https://purl.humanatlas.io/vocab/hp
167,167,http://identifiers.org/hgnc/8803,PDGFRA,http://purl.bioontology.org/ontology/HGNC/gene,https://purl.humanatlas.io/vocab/hp
168,168,http://identifiers.org/hgnc/2705,DCN,http://purl.bioontology.org/ontology/HGNC/gene,https://purl.humanatlas.io/vocab/hp
169,169,http://identifiers.org/hgnc/14881,ZEB2,http://purl.bioontology.org/ontology/HGNC/gene,https://purl.humanatlas.io/vocab/hp
170,170,http://identifiers.org/hgnc/29063,ATRNL1,http://purl.bioontology.org/ontology/HGNC/gene,https://purl.humanatlas.io/vocab/hp
171,171,http://identifiers.org/hgnc/15985,SVEP1,http://purl.bioontology.org/ontology/HGNC/gene,https://purl.humanatlas.io/vocab/hp
172,172,http://identifiers.org/hgnc/1750,CDH11,http://purl.bioontology.org/ontology/HGNC/gene,https://purl.humanatlas.io/vocab/hp
173,173,http://identifiers.org/hgnc/3602,FBLN5,http://purl.bioontology.org/ontology/HGNC/gene,https://purl.humanatlas.io/vocab/hp
175,175,http://identifiers.org/hgnc/17068,PALLD,http://purl.bioontology.org/ontology/HGNC/gene,https://purl.humanatlas.io/vocab/hp
176,176,http://identifiers.org/hgnc/2201,COL3A1,http://purl.bioontology.org/ontology/HGNC/gene,https://purl.humanatlas.io/vocab/hp
177,177,http://identifiers.org/hgnc/3126,EBF1,http://purl.bioontology.org/ontology/HGNC/gene,https://purl.humanatlas.io/vocab/hp
178,178,http://identifiers.org/hgnc/21063,MOXD1,http://purl.bioontology.org/ontology/HGNC/gene,https://purl.humanatlas.io/vocab/hp
179,179,http://identifiers.org/hgnc/11087,SLIT3,http://purl.bioontology.org/ontology/HGNC/gene,https://purl.humanatlas.io/vocab/hp
180,180,http://identifiers.org/hgnc/10910,SLC12A1,http://purl.bioontology.org/ontology/HGNC/gene,https://purl.humanatlas.io/vocab/hp
181,181,http://identifiers.org/hgnc/804,ATP1B1,http://purl.bioontology.org/ontology/HGNC/gene,https://purl.humanatlas.io/vocab/hp
183,183,http://identifiers.org/hgnc/4026,FXYD2,http://purl.bioontology.org/ontology/HGNC/gene,https://purl.humanatlas.io/vocab/hp
184,184,http://identifiers.org/hgnc/12559,UMOD,http://purl.bioontology.org/ontology/HGNC/gene,https://purl.humanatlas.io/vocab/hp
185,185,http://identifiers.org/hgnc/1645,CD24,http://purl.bioontology.org/ontology/HGNC/gene,https://purl.humanatlas.io/vocab/hp
186,186,http://identifiers.org/hgnc/2026,CLCNKA,http://purl.bioontology.org/ontology/HGNC/gene,https://purl.humanatlas.io/vocab/hp
187,187,http://identifiers.org/hgnc/17084,SYNE2,http://purl.bioontology.org/ontology/HGNC/gene,https://purl.humanatlas.io/vocab/hp
188,188,http://identifiers.org/hgnc/8630,PEBP1,http://purl.bioontology.org/ontology/HGNC/gene,https://purl.humanatlas.io/vocab/hp
189,189,http://identifiers.org/hgnc/8051,NUDT4,http://purl.bioontology.org/ontology/HGNC/gene,https://purl.humanatlas.io/vocab/hp
190,190,http://identifiers.org/hgnc/5033,HNRNPA2B1,http://purl.bioontology.org/ontology/HGNC/gene,https://purl.humanatlas.io/vocab/hp
191,191,http://identifiers.org/hgnc/1357,TCIM,http://purl.bioontology.org/ontology/HGNC/gene,https://purl.humanatlas.io/vocab/hp
192,192,http://identifiers.org/hgnc/6817,MAL,http://purl.bioontology.org/ontology/HGNC/gene,https://purl.humanatlas.io/vocab/hp
193,193,http://identifiers.org/hgnc/11033,SLC4A7,http://purl.bioontology.org/ontology/HGNC/gene,https://purl.humanatlas.io/vocab/hp
194,194,http://identifiers.org/hgnc/6383,KNG1,http://purl.bioontology.org/ontology/HGNC/gene,https://purl.humanatlas.io/vocab/hp
195,195,http://identifiers.org/hgnc/9286,PPP1R1A,http://purl.bioontology.org/ontology/HGNC/gene,https://purl.humanatlas.io/vocab/hp
196,196,http://identifiers.org/hgnc/6541,LDHB,http://purl.bioontology.org/ontology/HGNC/gene,https://purl.humanatlas.io/vocab/hp
198,198,http://identifiers.org/hgnc/379,AKAP9,http://purl.bioontology.org/ontology/HGNC/gene,https://purl.humanatlas.io/vocab/hp
199,199,http://identifiers.org/hgnc/30506,PLEKHH2,http://purl.bioontology.org/ontology/HGNC/gene,https://purl.humanatlas.io/vocab/hp
200,200,http://identifiers.org/hgnc/6342,KIT,http://purl.bioontology.org/ontology/HGNC/gene,https://purl.humanatlas.io/vocab/hp
201,201,http://identifiers.org/hgnc/5988,IL18R1,http://purl.bioontology.org/ontology/HGNC/gene,https://purl.humanatlas.io/vocab/hp
202,202,http://identifiers.org/hgnc/7316,MS4A2,http://purl.bioontology.org/ontology/HGNC/gene,https://purl.humanatlas.io/vocab/hp
203,203,http://identifiers.org/hgnc/2298,CPA3,http://purl.bioontology.org/ontology/HGNC/gene,https://purl.humanatlas.io/vocab/hp
204,204,http://identifiers.org/hgnc/10935,SLC18A2,http://purl.bioontology.org/ontology/HGNC/gene,https://purl.humanatlas.io/vocab/hp
205,205,http://identifiers.org/hgnc/18041,BMP2K,http://purl.bioontology.org/ontology/HGNC/gene,https://purl.humanatlas.io/vocab/hp
206,206,http://identifiers.org/hgnc/4171,GATA2,http://purl.bioontology.org/ontology/HGNC/gene,https://purl.humanatlas.io/vocab/hp
207,207,http://identifiers.org/hgnc/4855,HDC,http://purl.bioontology.org/ontology/HGNC/gene,https://purl.humanatlas.io/vocab/hp
208,208,http://identifiers.org/hgnc/10977,SLC24A3,http://purl.bioontology.org/ontology/HGNC/gene,https://purl.humanatlas.io/vocab/hp
209,209,http://identifiers.org/hgnc/14120,TPSB2,http://purl.bioontology.org/ontology/HGNC/gene,https://purl.humanatlas.io/vocab/hp
210,210,http://identifiers.org/hgnc/21030,ARHGAP15,http://purl.bioontology.org/ontology/HGNC/gene,https://purl.humanatlas.io/vocab/hp
211,211,http://identifiers.org/hgnc/17890,HPGDS,http://purl.bioontology.org/ontology/HGNC/gene,https://purl.humanatlas.io/vocab/hp
212,212,http://identifiers.org/hgnc/10875,SIGLEC6,http://purl.bioontology.org/ontology/HGNC/gene,https://purl.humanatlas.io/vocab/hp
213,213,http://identifiers.org/hgnc/3823,FOXP1,http://purl.bioontology.org/ontology/HGNC/gene,https://purl.humanatlas.io/vocab/hp
214,214,http://identifiers.org/hgnc/8533,P2RX1,http://purl.bioontology.org/ontology/HGNC/gene,https://purl.humanatlas.io/vocab/hp
215,215,http://identifiers.org/hgnc/12019,TPSAB1,http://purl.bioontology.org/ontology/HGNC/gene,https://purl.humanatlas.io/vocab/hp
216,216,http://identifiers.org/hgnc/2550,CELF2,http://purl.bioontology.org/ontology/HGNC/gene,https://purl.humanatlas.io/vocab/hp
217,217,http://identifiers.org/hgnc/21035,ARHGAP18,http://purl.bioontology.org/ontology/HGNC/gene,https://purl.humanatlas.io/vocab/hp
218,218,http://identifiers.org/hgnc/14434,CDK15,http://purl.bioontology.org/ontology/HGNC/gene,https://purl.humanatlas.io/vocab/hp
219,219,http://identifiers.org/hgnc/30765,TNIK,http://purl.bioontology.org/ontology/HGNC/gene,https://purl.humanatlas.io/vocab/hp
220,220,http://identifiers.org/hgnc/9666,PTPRC,http://purl.bioontology.org/ontology/HGNC/gene,https://purl.humanatlas.io/vocab/hp
221,221,http://identifiers.org/hgnc/7600,MYO1F,http://purl.bioontology.org/ontology/HGNC/gene,https://purl.humanatlas.io/vocab/hp
222,222,http://identifiers.org/hgnc/2545,CTSS,http://purl.bioontology.org/ontology/HGNC/gene,https://purl.humanatlas.io/vocab/hp
223,223,http://identifiers.org/hgnc/14881,ZEB2,http://purl.bioontology.org/ontology/HGNC/gene,https://purl.humanatlas.io/vocab/hp
224,224,http://identifiers.org/hgnc/9395,PRKCB,http://purl.bioontology.org/ontology/HGNC/gene,https://purl.humanatlas.io/vocab/hp
225,225,http://identifiers.org/hgnc/11917,TNFRSF1B,http://purl.bioontology.org/ontology/HGNC/gene,https://purl.humanatlas.io/vocab/hp
226,226,http://identifiers.org/hgnc/548,AOAH,http://purl.bioontology.org/ontology/HGNC/gene,https://purl.humanatlas.io/vocab/hp
227,227,http://identifiers.org/hgnc/13748,DLEU2,http://purl.bioontology.org/ontology/HGNC/gene,https://purl.humanatlas.io/vocab/hp
228,228,http://identifiers.org/hgnc/11609,TBXAS1,http://purl.bioontology.org/ontology/HGNC/gene,https://purl.humanatlas.io/vocab/hp
229,229,http://identifiers.org/hgnc/3012,DPYD,http://purl.bioontology.org/ontology/HGNC/gene,https://purl.humanatlas.io/vocab/hp
230,230,http://identifiers.org/hgnc/9213,POU2F2,http://purl.bioontology.org/ontology/HGNC/gene,https://purl.humanatlas.io/vocab/hp
231,231,http://identifiers.org/hgnc/2988,DOCK2,http://purl.bioontology.org/ontology/HGNC/gene,https://purl.humanatlas.io/vocab/hp
232,232,http://identifiers.org/hgnc/15925,SAMHD1,http://purl.bioontology.org/ontology/HGNC/gene,https://purl.humanatlas.io/vocab/hp
233,233,http://identifiers.org/hgnc/19191,DOCK8,http://purl.bioontology.org/ontology/HGNC/gene,https://purl.humanatlas.io/vocab/hp
234,234,http://identifiers.org/hgnc/6735,LYN,http://purl.bioontology.org/ontology/HGNC/gene,https://purl.humanatlas.io/vocab/hp
235,235,http://identifiers.org/hgnc/1968,LYST,http://purl.bioontology.org/ontology/HGNC/gene,https://purl.humanatlas.io/vocab/hp
236,236,http://identifiers.org/hgnc/4036,FYB1,http://purl.bioontology.org/ontology/HGNC/gene,https://purl.humanatlas.io/vocab/hp
237,237,http://identifiers.org/hgnc/4840,HCK,http://purl.bioontology.org/ontology/HGNC/gene,https://purl.humanatlas.io/vocab/hp
238,238,http://identifiers.org/hgnc/18304,COTL1,http://purl.bioontology.org/ontology/HGNC/gene,https://purl.humanatlas.io/vocab/hp
239,239,http://identifiers.org/hgnc/6923,MBNL1,http://purl.bioontology.org/ontology/HGNC/gene,https://purl.humanatlas.io/vocab/hp
240,240,http://identifiers.org/hgnc/1928,FOXN3,http://purl.bioontology.org/ontology/HGNC/gene,https://purl.humanatlas.io/vocab/hp
241,241,http://identifiers.org/hgnc/23405,LRMDA,http://purl.bioontology.org/ontology/HGNC/gene,https://purl.humanatlas.io/vocab/hp
242,242,http://identifiers.org/hgnc/21013,PLXDC2,http://purl.bioontology.org/ontology/HGNC/gene,https://purl.humanatlas.io/vocab/hp
243,243,http://identifiers.org/hgnc/7067,CIITA,http://purl.bioontology.org/ontology/HGNC/gene,https://purl.humanatlas.io/vocab/hp
244,244,http://identifiers.org/hgnc/19341,CAMK1D,http://purl.bioontology.org/ontology/HGNC/gene,https://purl.humanatlas.io/vocab/hp
245,245,http://identifiers.org/hgnc/25216,CYRIB,http://purl.bioontology.org/ontology/HGNC/gene,https://purl.humanatlas.io/vocab/hp
246,246,http://identifiers.org/hgnc/6993,MEF2A,http://purl.bioontology.org/ontology/HGNC/gene,https://purl.humanatlas.io/vocab/hp
247,247,http://identifiers.org/hgnc/6923,MBNL1,http://purl.bioontology.org/ontology/HGNC/gene,https://purl.humanatlas.io/vocab/hp
248,248,http://identifiers.org/hgnc/16286,ELMO1,http://purl.bioontology.org/ontology/HGNC/gene,https://purl.humanatlas.io/vocab/hp
249,249,http://identifiers.org/hgnc/25259,ANKRD44,http://purl.bioontology.org/ontology/HGNC/gene,https://purl.humanatlas.io/vocab/hp
250,250,http://identifiers.org/hgnc/21030,ARHGAP15,http://purl.bioontology.org/ontology/HGNC/gene,https://purl.humanatlas.io/vocab/hp
251,251,http://identifiers.org/hgnc/1224,LDLRAD4,http://purl.bioontology.org/ontology/HGNC/gene,https://purl.humanatlas.io/vocab/hp
252,252,http://identifiers.org/hgnc/1309,TBC1D22A,http://purl.bioontology.org/ontology/HGNC/gene,https://purl.humanatlas.io/vocab/hp
253,253,http://identifiers.org/hgnc/11068,SLC8A1,http://purl.bioontology.org/ontology/HGNC/gene,https://purl.humanatlas.io/vocab/hp
254,254,http://identifiers.org/hgnc/2888,DISC1,http://purl.bioontology.org/ontology/HGNC/gene,https://purl.humanatlas.io/vocab/hp
255,255,http://identifiers.org/hgnc/17422,CHST11,http://purl.bioontology.org/ontology/HGNC/gene,https://purl.humanatlas.io/vocab/hp
256,256,http://identifiers.org/hgnc/3012,DPYD,http://purl.bioontology.org/ontology/HGNC/gene,https://purl.humanatlas.io/vocab/hp
257,257,http://identifiers.org/hgnc/3823,FOXP1,http://purl.bioontology.org/ontology/HGNC/gene,https://purl.humanatlas.io/vocab/hp
258,258,http://identifiers.org/hgnc/19191,DOCK8,http://purl.bioontology.org/ontology/HGNC/gene,https://purl.humanatlas.io/vocab/hp
259,259,http://identifiers.org/hgnc/3495,ETV6,http://purl.bioontology.org/ontology/HGNC/gene,https://purl.humanatlas.io/vocab/hp
260,260,http://identifiers.org/hgnc/914,B2M,http://purl.bioontology.org/ontology/HGNC/gene,https://purl.humanatlas.io/vocab/hp
261,261,http://identifiers.org/hgnc/2439,CSF3R,http://purl.bioontology.org/ontology/HGNC/gene,https://purl.humanatlas.io/vocab/hp
262,262,http://identifiers.org/hgnc/3620,FCGR3B,http://purl.bioontology.org/ontology/HGNC/gene,https://purl.humanatlas.io/vocab/hp
263,263,http://identifiers.org/hgnc/5413,IFITM2,http://purl.bioontology.org/ontology/HGNC/gene,https://purl.humanatlas.io/vocab/hp
264,264,http://identifiers.org/hgnc/13872,RIPOR2,http://purl.bioontology.org/ontology/HGNC/gene,https://purl.humanatlas.io/vocab/hp
265,265,http://identifiers.org/hgnc/9666,PTPRC,http://purl.bioontology.org/ontology/HGNC/gene,https://purl.humanatlas.io/vocab/hp
266,266,http://identifiers.org/hgnc/6735,LYN,http://purl.bioontology.org/ontology/HGNC/gene,https://purl.humanatlas.io/vocab/hp
267,267,http://identifiers.org/hgnc/17073,ARHGAP26,http://purl.bioontology.org/ontology/HGNC/gene,https://purl.humanatlas.io/vocab/hp
268,268,http://identifiers.org/hgnc/7183,MNDA,http://purl.bioontology.org/ontology/HGNC/gene,https://purl.humanatlas.io/vocab/hp
269,269,http://identifiers.org/hgnc/29090,SMCHD1,http://purl.bioontology.org/ontology/HGNC/gene,https://purl.humanatlas.io/vocab/hp
270,270,http://identifiers.org/hgnc/11185,SORL1,http://purl.bioontology.org/ontology/HGNC/gene,https://purl.humanatlas.io/vocab/hp
271,271,http://identifiers.org/hgnc/2545,CTSS,http://purl.bioontology.org/ontology/HGNC/gene,https://purl.humanatlas.io/vocab/hp
272,272,http://identifiers.org/hgnc/30092,NAMPT,http://purl.bioontology.org/ontology/HGNC/gene,https://purl.humanatlas.io/vocab/hp
273,273,http://identifiers.org/hgnc/30580,SSH2,http://purl.bioontology.org/ontology/HGNC/gene,https://purl.humanatlas.io/vocab/hp
274,274,http://identifiers.org/hgnc/16841,LITAF,http://purl.bioontology.org/ontology/HGNC/gene,https://purl.humanatlas.io/vocab/hp
275,275,http://identifiers.org/hgnc/21030,ARHGAP15,http://purl.bioontology.org/ontology/HGNC/gene,https://purl.humanatlas.io/vocab/hp
276,276,http://identifiers.org/hgnc/25216,CYRIB,http://purl.bioontology.org/ontology/HGNC/gene,https://purl.humanatlas.io/vocab/hp
277,277,http://identifiers.org/hgnc/6761,MXD1,http://purl.bioontology.org/ontology/HGNC/gene,https://purl.humanatlas.io/vocab/hp
278,278,http://identifiers.org/hgnc/7600,MYO1F,http://purl.bioontology.org/ontology/HGNC/gene,https://purl.humanatlas.io/vocab/hp
279,279,http://identifiers.org/hgnc/4036,FYB1,http://purl.bioontology.org/ontology/HGNC/gene,https://purl.humanatlas.io/vocab/hp
280,280,http://identifiers.org/hgnc/10372,RPLP1,http://purl.bioontology.org/ontology/HGNC/gene,https://purl.humanatlas.io/vocab/hp
281,281,http://identifiers.org/hgnc/10303,RPL13,http://purl.bioontology.org/ontology/HGNC/gene,https://purl.humanatlas.io/vocab/hp
282,282,http://identifiers.org/hgnc/10496,S100A6,http://purl.bioontology.org/ontology/HGNC/gene,https://purl.humanatlas.io/vocab/hp
283,283,http://identifiers.org/hgnc/10401,RPS18,http://purl.bioontology.org/ontology/HGNC/gene,https://purl.humanatlas.io/vocab/hp
284,284,http://identifiers.org/hgnc/11244,SPINK1,http://purl.bioontology.org/ontology/HGNC/gene,https://purl.humanatlas.io/vocab/hp
285,285,http://identifiers.org/hgnc/18349,DHRS2,http://purl.bioontology.org/ontology/HGNC/gene,https://purl.humanatlas.io/vocab/hp
286,286,http://identifiers.org/hgnc/6436,KRT19,http://purl.bioontology.org/ontology/HGNC/gene,https://purl.humanatlas.io/vocab/hp
287,287,http://identifiers.org/hgnc/10330,RPL28,http://purl.bioontology.org/ontology/HGNC/gene,https://purl.humanatlas.io/vocab/hp
288,288,http://identifiers.org/hgnc/10301,RPL11,http://purl.bioontology.org/ontology/HGNC/gene,https://purl.humanatlas.io/vocab/hp
289,289,http://identifiers.org/hgnc/10411,RPS24,http://purl.bioontology.org/ontology/HGNC/gene,https://purl.humanatlas.io/vocab/hp
290,290,http://identifiers.org/hgnc/10404,RPS2,http://purl.bioontology.org/ontology/HGNC/gene,https://purl.humanatlas.io/vocab/hp
291,291,http://identifiers.org/hgnc/10387,RPS14,http://purl.bioontology.org/ontology/HGNC/gene,https://purl.humanatlas.io/vocab/hp
292,292,http://identifiers.org/hgnc/10417,RPS27A,http://purl.bioontology.org/ontology/HGNC/gene,https://purl.humanatlas.io/vocab/hp
293,293,http://identifiers.org/hgnc/10332,RPL3,http://purl.bioontology.org/ontology/HGNC/gene,https://purl.humanatlas.io/vocab/hp
294,294,http://identifiers.org/hgnc/10402,RPS19,http://purl.bioontology.org/ontology/HGNC/gene,https://purl.humanatlas.io/vocab/hp
295,295,http://identifiers.org/hgnc/10310,RPL18,http://purl.bioontology.org/ontology/HGNC/gene,https://purl.humanatlas.io/vocab/hp
296,296,http://identifiers.org/hgnc/10364,RPL7A,http://purl.bioontology.org/ontology/HGNC/gene,https://purl.humanatlas.io/vocab/hp
297,297,http://identifiers.org/hgnc/10298,RPL10,http://purl.bioontology.org/ontology/HGNC/gene,https://purl.humanatlas.io/vocab/hp
298,298,http://identifiers.org/hgnc/10424,RPS4X,http://purl.bioontology.org/ontology/HGNC/gene,https://purl.humanatlas.io/vocab/hp
299,299,http://identifiers.org/hgnc/10333,RPL30,http://purl.bioontology.org/ontology/HGNC/gene,https://purl.humanatlas.io/vocab/hp
300,300,http://identifiers.org/hgnc/15472,ALDH1A2,http://purl.bioontology.org/ontology/HGNC/gene,https://purl.humanatlas.io/vocab/hp
301,301,http://identifiers.org/hgnc/25491,FRMD4A,http://purl.bioontology.org/ontology/HGNC/gene,https://purl.humanatlas.io/vocab/hp
302,302,http://identifiers.org/hgnc/50753,LINC01435,http://purl.bioontology.org/ontology/HGNC/gene,https://purl.humanatlas.io/vocab/hp
303,303,http://identifiers.org/hgnc/18222,RBFOX1,http://purl.bioontology.org/ontology/HGNC/gene,https://purl.humanatlas.io/vocab/hp
304,304,http://identifiers.org/hgnc/17089,SYNE1,http://purl.bioontology.org/ontology/HGNC/gene,https://purl.humanatlas.io/vocab/hp
305,305,http://identifiers.org/hgnc/16700,ZFPM2,http://purl.bioontology.org/ontology/HGNC/gene,https://purl.humanatlas.io/vocab/hp
306,306,http://identifiers.org/hgnc/16395,OSBPL10,http://purl.bioontology.org/ontology/HGNC/gene,https://purl.humanatlas.io/vocab/hp
307,307,http://identifiers.org/hgnc/18141,DCDC2,http://purl.bioontology.org/ontology/HGNC/gene,https://purl.humanatlas.io/vocab/hp
308,308,http://identifiers.org/hgnc/29944,TENM3,http://purl.bioontology.org/ontology/HGNC/gene,https://purl.humanatlas.io/vocab/hp
309,309,http://identifiers.org/hgnc/11087,SLIT3,http://purl.bioontology.org/ontology/HGNC/gene,https://purl.humanatlas.io/vocab/hp
310,310,http://identifiers.org/hgnc/1049,BICD1,http://purl.bioontology.org/ontology/HGNC/gene,https://purl.humanatlas.io/vocab/hp
311,311,http://identifiers.org/hgnc/7999,NRG3,http://purl.bioontology.org/ontology/HGNC/gene,https://purl.humanatlas.io/vocab/hp
312,312,http://identifiers.org/hgnc/18866,KCNT2,http://purl.bioontology.org/ontology/HGNC/gene,https://purl.humanatlas.io/vocab/hp
313,313,http://identifiers.org/hgnc/6286,KCNMB2,http://purl.bioontology.org/ontology/HGNC/gene,https://purl.humanatlas.io/vocab/hp
314,314,http://identifiers.org/hgnc/13010,TSHZ2,http://purl.bioontology.org/ontology/HGNC/gene,https://purl.humanatlas.io/vocab/hp
315,315,http://identifiers.org/hgnc/29075,ENTREP2,http://purl.bioontology.org/ontology/HGNC/gene,https://purl.humanatlas.io/vocab/hp
316,316,http://identifiers.org/hgnc/15679,CTTNBP2,http://purl.bioontology.org/ontology/HGNC/gene,https://purl.humanatlas.io/vocab/hp
317,317,http://identifiers.org/hgnc/4883,CFH,http://purl.bioontology.org/ontology/HGNC/gene,https://purl.humanatlas.io/vocab/hp
318,318,http://identifiers.org/hgnc/48724,MSC-AS1,http://purl.bioontology.org/ontology/HGNC/gene,https://purl.humanatlas.io/vocab/hp
319,319,http://identifiers.org/hgnc/8774,PDE1A,http://purl.bioontology.org/ontology/HGNC/gene,https://purl.humanatlas.io/vocab/hp
320,320,http://identifiers.org/hgnc/16712,FBXW7,http://purl.bioontology.org/ontology/HGNC/gene,https://purl.humanatlas.io/vocab/hp
321,321,http://identifiers.org/hgnc/24670,FNDC3B,http://purl.bioontology.org/ontology/HGNC/gene,https://purl.humanatlas.io/vocab/hp
322,322,http://identifiers.org/hgnc/28338,DENND5B,http://purl.bioontology.org/ontology/HGNC/gene,https://purl.humanatlas.io/vocab/hp
323,323,http://identifiers.org/hgnc/18650,SPATS2,http://purl.bioontology.org/ontology/HGNC/gene,https://purl.humanatlas.io/vocab/hp
324,324,http://identifiers.org/hgnc/21073,TXNDC5,http://purl.bioontology.org/ontology/HGNC/gene,https://purl.humanatlas.io/vocab/hp
325,325,http://identifiers.org/hgnc/22962,MED13L,http://purl.bioontology.org/ontology/HGNC/gene,https://purl.humanatlas.io/vocab/hp
326,326,http://identifiers.org/hgnc/20296,FNDC3A,http://purl.bioontology.org/ontology/HGNC/gene,https://purl.humanatlas.io/vocab/hp
327,327,http://identifiers.org/hgnc/4019,FUT8,http://purl.bioontology.org/ontology/HGNC/gene,https://purl.humanatlas.io/vocab/hp
328,328,http://identifiers.org/hgnc/43910,IFNG-AS1,http://purl.bioontology.org/ontology/HGNC/gene,https://purl.humanatlas.io/vocab/hp
329,329,http://identifiers.org/hgnc/18713,GLCCI1,http://purl.bioontology.org/ontology/HGNC/gene,https://purl.humanatlas.io/vocab/hp
330,330,http://identifiers.org/hgnc/12005,TPD52,http://purl.bioontology.org/ontology/HGNC/gene,https://purl.humanatlas.io/vocab/hp
331,331,http://identifiers.org/hgnc/29108,SEL1L3,http://purl.bioontology.org/ontology/HGNC/gene,https://purl.humanatlas.io/vocab/hp
332,332,http://identifiers.org/hgnc/29114,FCHSD2,http://purl.bioontology.org/ontology/HGNC/gene,https://purl.humanatlas.io/vocab/hp
333,333,http://identifiers.org/hgnc/4410,GNG7,http://purl.bioontology.org/ontology/HGNC/gene,https://purl.humanatlas.io/vocab/hp
334,334,http://identifiers.org/hgnc/7598,MYO1D,http://purl.bioontology.org/ontology/HGNC/gene,https://purl.humanatlas.io/vocab/hp
335,335,http://identifiers.org/hgnc/1928,FOXN3,http://purl.bioontology.org/ontology/HGNC/gene,https://purl.humanatlas.io/vocab/hp
336,336,http://identifiers.org/hgnc/12799,WWOX,http://purl.bioontology.org/ontology/HGNC/gene,https://purl.humanatlas.io/vocab/hp
337,337,http://identifiers.org/hgnc/7670,NCOA3,http://purl.bioontology.org/ontology/HGNC/gene,https://purl.humanatlas.io/vocab/hp
338,338,http://identifiers.org/hgnc/20256,SFMBT2,http://purl.bioontology.org/ontology/HGNC/gene,https://purl.humanatlas.io/vocab/hp
339,339,http://identifiers.org/hgnc/9903,RBM6,http://purl.bioontology.org/ontology/HGNC/gene,https://purl.humanatlas.io/vocab/hp
340,340,http://identifiers.org/hgnc/9042,PLA2R1,http://purl.bioontology.org/ontology/HGNC/gene,https://purl.humanatlas.io/vocab/hp
341,341,http://identifiers.org/hgnc/9678,PTPRO,http://purl.bioontology.org/ontology/HGNC/gene,https://purl.humanatlas.io/vocab/hp
342,342,http://identifiers.org/hgnc/7908,NPHS1,http://purl.bioontology.org/ontology/HGNC/gene,https://purl.humanatlas.io/vocab/hp
343,343,http://identifiers.org/hgnc/17175,PLCE1,http://purl.bioontology.org/ontology/HGNC/gene,https://purl.humanatlas.io/vocab/hp
344,344,http://identifiers.org/hgnc/7154,MME,http://purl.bioontology.org/ontology/HGNC/gene,https://purl.humanatlas.io/vocab/hp
345,345,http://identifiers.org/hgnc/13394,NPHS2,http://purl.bioontology.org/ontology/HGNC/gene,https://purl.humanatlas.io/vocab/hp
346,346,http://identifiers.org/hgnc/18957,MAGI2,http://purl.bioontology.org/ontology/HGNC/gene,https://purl.humanatlas.io/vocab/hp
347,347,http://identifiers.org/hgnc/13517,CLIC5,http://purl.bioontology.org/ontology/HGNC/gene,https://purl.humanatlas.io/vocab/hp
348,348,http://identifiers.org/hgnc/9679,PTPRQ,http://purl.bioontology.org/ontology/HGNC/gene,https://purl.humanatlas.io/vocab/hp
349,349,http://identifiers.org/hgnc/16932,NEBL,http://purl.bioontology.org/ontology/HGNC/gene,https://purl.humanatlas.io/vocab/hp
350,350,http://identifiers.org/hgnc/2204,COL4A3,http://purl.bioontology.org/ontology/HGNC/gene,https://purl.humanatlas.io/vocab/hp
351,351,http://identifiers.org/hgnc/19343,ST6GALNAC3,http://purl.bioontology.org/ontology/HGNC/gene,https://purl.humanatlas.io/vocab/hp
352,352,http://identifiers.org/hgnc/23319,NTNG1,http://purl.bioontology.org/ontology/HGNC/gene,https://purl.humanatlas.io/vocab/hp
353,353,http://identifiers.org/hgnc/14446,PARD3B,http://purl.bioontology.org/ontology/HGNC/gene,https://purl.humanatlas.io/vocab/hp
354,354,http://identifiers.org/hgnc/6111,IQGAP2,http://purl.bioontology.org/ontology/HGNC/gene,https://purl.humanatlas.io/vocab/hp
355,355,http://identifiers.org/hgnc/14074,FMN2,http://purl.bioontology.org/ontology/HGNC/gene,https://purl.humanatlas.io/vocab/hp
356,356,http://identifiers.org/hgnc/11774,TGFBR3,http://purl.bioontology.org/ontology/HGNC/gene,https://purl.humanatlas.io/vocab/hp
357,357,http://identifiers.org/hgnc/9171,PODXL,http://purl.bioontology.org/ontology/HGNC/gene,https://purl.humanatlas.io/vocab/hp
358,358,http://identifiers.org/hgnc/19311,NPAS3,http://purl.bioontology.org/ontology/HGNC/gene,https://purl.humanatlas.io/vocab/hp
359,359,http://identifiers.org/hgnc/19846,ARMH4,http://purl.bioontology.org/ontology/HGNC/gene,https://purl.humanatlas.io/vocab/hp
360,360,http://identifiers.org/hgnc/2548,CUBN,http://purl.bioontology.org/ontology/HGNC/gene,https://purl.humanatlas.io/vocab/hp
361,361,http://identifiers.org/hgnc/32017,ACSM2A,http://purl.bioontology.org/ontology/HGNC/gene,https://purl.humanatlas.io/vocab/hp
362,362,http://identifiers.org/hgnc/6694,LRP2,http://purl.bioontology.org/ontology/HGNC/gene,https://purl.humanatlas.io/vocab/hp
363,363,http://identifiers.org/hgnc/10929,SLC17A1,http://purl.bioontology.org/ontology/HGNC/gene,https://purl.humanatlas.io/vocab/hp
364,364,http://identifiers.org/hgnc/17224,RAB11FIP3,http://purl.bioontology.org/ontology/HGNC/gene,https://purl.humanatlas.io/vocab/hp
365,365,http://identifiers.org/hgnc/30931,ACSM2B,http://purl.bioontology.org/ontology/HGNC/gene,https://purl.humanatlas.io/vocab/hp
366,366,http://identifiers.org/hgnc/9609,PTH2R,http://purl.bioontology.org/ontology/HGNC/gene,https://purl.humanatlas.io/vocab/hp
367,367,http://identifiers.org/hgnc/2557,CUX1,http://purl.bioontology.org/ontology/HGNC/gene,https://purl.humanatlas.io/vocab/hp
368,368,http://identifiers.org/hgnc/3701,FHIT,http://purl.bioontology.org/ontology/HGNC/gene,https://purl.humanatlas.io/vocab/hp
369,369,http://identifiers.org/hgnc/23405,LRMDA,http://purl.bioontology.org/ontology/HGNC/gene,https://purl.humanatlas.io/vocab/hp
370,370,http://identifiers.org/hgnc/23520,SLC16A9,http://purl.bioontology.org/ontology/HGNC/gene,https://purl.humanatlas.io/vocab/hp
371,371,http://identifiers.org/hgnc/14430,SLC13A3,http://purl.bioontology.org/ontology/HGNC/gene,https://purl.humanatlas.io/vocab/hp
372,372,http://identifiers.org/hgnc/9016,PKHD1,http://purl.bioontology.org/ontology/HGNC/gene,https://purl.humanatlas.io/vocab/hp
373,373,http://identifiers.org/hgnc/17992,TRPM3,http://purl.bioontology.org/ontology/HGNC/gene,https://purl.humanatlas.io/vocab/hp
374,374,http://identifiers.org/hgnc/14291,NLGN1,http://purl.bioontology.org/ontology/HGNC/gene,https://purl.humanatlas.io/vocab/hp
375,375,http://identifiers.org/hgnc/30988,BNC2,http://purl.bioontology.org/ontology/HGNC/gene,https://purl.humanatlas.io/vocab/hp
376,376,http://identifiers.org/hgnc/30542,SNX29,http://purl.bioontology.org/ontology/HGNC/gene,https://purl.humanatlas.io/vocab/hp
377,377,http://identifiers.org/hgnc/26677,L3MBTL4,http://purl.bioontology.org/ontology/HGNC/gene,https://purl.humanatlas.io/vocab/hp
378,378,http://identifiers.org/hgnc/9668,PTPRD,http://purl.bioontology.org/ontology/HGNC/gene,https://purl.humanatlas.io/vocab/hp
379,379,http://identifiers.org/hgnc/16051,PARD3,http://purl.bioontology.org/ontology/HGNC/gene,https://purl.humanatlas.io/vocab/hp
380,380,http://identifiers.org/hgnc/7569,MYH11,http://purl.bioontology.org/ontology/HGNC/gene,https://purl.humanatlas.io/vocab/hp
381,381,http://identifiers.org/hgnc/1441,CALD1,http://purl.bioontology.org/ontology/HGNC/gene,https://purl.humanatlas.io/vocab/hp
383,383,http://identifiers.org/hgnc/3754,FLNA,http://purl.bioontology.org/ontology/HGNC/gene,https://purl.humanatlas.io/vocab/hp
384,384,http://identifiers.org/hgnc/12010,TPM1,http://purl.bioontology.org/ontology/HGNC/gene,https://purl.humanatlas.io/vocab/hp
385,385,http://identifiers.org/hgnc/12011,TPM2,http://purl.bioontology.org/ontology/HGNC/gene,https://purl.humanatlas.io/vocab/hp
386,386,http://identifiers.org/hgnc/9414,PRKG1,http://purl.bioontology.org/ontology/HGNC/gene,https://purl.humanatlas.io/vocab/hp
387,387,http://identifiers.org/hgnc/6679,LPP,http://purl.bioontology.org/ontology/HGNC/gene,https://purl.humanatlas.io/vocab/hp
388,388,http://identifiers.org/hgnc/1390,CACNA1C,http://purl.bioontology.org/ontology/HGNC/gene,https://purl.humanatlas.io/vocab/hp
389,389,http://identifiers.org/hgnc/11553,TAGLN,http://purl.bioontology.org/ontology/HGNC/gene,https://purl.humanatlas.io/vocab/hp
390,390,http://identifiers.org/hgnc/3126,EBF1,http://purl.bioontology.org/ontology/HGNC/gene,https://purl.humanatlas.io/vocab/hp
391,391,http://identifiers.org/hgnc/130,ACTA2,http://purl.bioontology.org/ontology/HGNC/gene,https://purl.humanatlas.io/vocab/hp
392,392,http://identifiers.org/hgnc/11087,SLIT3,http://purl.bioontology.org/ontology/HGNC/gene,https://purl.humanatlas.io/vocab/hp
393,393,http://identifiers.org/hgnc/8804,PDGFRB,http://purl.bioontology.org/ontology/HGNC/gene,https://purl.humanatlas.io/vocab/hp
394,394,http://identifiers.org/hgnc/17732,SYNPO2,http://purl.bioontology.org/ontology/HGNC/gene,https://purl.humanatlas.io/vocab/hp
395,395,http://identifiers.org/hgnc/11220,SPARCL1,http://purl.bioontology.org/ontology/HGNC/gene,https://purl.humanatlas.io/vocab/hp
396,396,http://identifiers.org/hgnc/2897,DLC1,http://purl.bioontology.org/ontology/HGNC/gene,https://purl.humanatlas.io/vocab/hp
397,397,http://identifiers.org/hgnc/8778,PDE3A,http://purl.bioontology.org/ontology/HGNC/gene,https://purl.humanatlas.io/vocab/hp
398,398,http://identifiers.org/hgnc/7237,IRAG1,http://purl.bioontology.org/ontology/HGNC/gene,https://purl.humanatlas.io/vocab/hp
399,399,http://identifiers.org/hgnc/8748,PCSK7,http://purl.bioontology.org/ontology/HGNC/gene,https://purl.humanatlas.io/vocab/hp
400,400,http://identifiers.org/hgnc/9666,PTPRC,http://purl.bioontology.org/ontology/HGNC/gene,https://purl.humanatlas.io/vocab/hp
401,401,http://identifiers.org/hgnc/6923,MBNL1,http://purl.bioontology.org/ontology/HGNC/gene,https://purl.humanatlas.io/vocab/hp
402,402,http://identifiers.org/hgnc/2550,CELF2,http://purl.bioontology.org/ontology/HGNC/gene,https://purl.humanatlas.io/vocab/hp
403,403,http://identifiers.org/hgnc/21030,ARHGAP15,http://purl.bioontology.org/ontology/HGNC/gene,https://purl.humanatlas.io/vocab/hp
404,404,http://identifiers.org/hgnc/13176,IKZF1,http://purl.bioontology.org/ontology/HGNC/gene,https://purl.humanatlas.io/vocab/hp
405,405,http://identifiers.org/hgnc/15605,SKAP1,http://purl.bioontology.org/ontology/HGNC/gene,https://purl.humanatlas.io/vocab/hp
406,406,http://identifiers.org/hgnc/25259,ANKRD44,http://purl.bioontology.org/ontology/HGNC/gene,https://purl.humanatlas.io/vocab/hp
407,407,http://identifiers.org/hgnc/1585,CCND3,http://purl.bioontology.org/ontology/HGNC/gene,https://purl.humanatlas.io/vocab/hp
408,408,http://identifiers.org/hgnc/13222,BCL11B,http://purl.bioontology.org/ontology/HGNC/gene,https://purl.humanatlas.io/vocab/hp
409,409,http://identifiers.org/hgnc/9403,PRKCH,http://purl.bioontology.org/ontology/HGNC/gene,https://purl.humanatlas.io/vocab/hp
410,410,http://identifiers.org/hgnc/8997,PIP4K2A,http://purl.bioontology.org/ontology/HGNC/gene,https://purl.humanatlas.io/vocab/hp
411,411,http://identifiers.org/hgnc/13872,RIPOR2,http://purl.bioontology.org/ontology/HGNC/gene,https://purl.humanatlas.io/vocab/hp
412,412,http://identifiers.org/hgnc/4037,FYN,http://purl.bioontology.org/ontology/HGNC/gene,https://purl.humanatlas.io/vocab/hp
413,413,http://identifiers.org/hgnc/17422,CHST11,http://purl.bioontology.org/ontology/HGNC/gene,https://purl.humanatlas.io/vocab/hp
414,414,http://identifiers.org/hgnc/4036,FYB1,http://purl.bioontology.org/ontology/HGNC/gene,https://purl.humanatlas.io/vocab/hp
415,415,http://identifiers.org/hgnc/26124,PARP8,http://purl.bioontology.org/ontology/HGNC/gene,https://purl.humanatlas.io/vocab/hp
416,416,http://identifiers.org/hgnc/1928,FOXN3,http://purl.bioontology.org/ontology/HGNC/gene,https://purl.humanatlas.io/vocab/hp
417,417,http://identifiers.org/hgnc/1677,CD247,http://purl.bioontology.org/ontology/HGNC/gene,https://purl.humanatlas.io/vocab/hp
418,418,http://identifiers.org/hgnc/21045,PITPNC1,http://purl.bioontology.org/ontology/HGNC/gene,https://purl.humanatlas.io/vocab/hp
419,419,http://identifiers.org/hgnc/9395,PRKCB,http://purl.bioontology.org/ontology/HGNC/gene,https://purl.humanatlas.io/vocab/hp
420,420,http://identifiers.org/hgnc/3474,ESRRG,http://purl.bioontology.org/ontology/HGNC/gene,https://purl.humanatlas.io/vocab/hp
421,421,http://identifiers.org/hgnc/15917,PLCB1,http://purl.bioontology.org/ontology/HGNC/gene,https://purl.humanatlas.io/vocab/hp
422,422,http://identifiers.org/hgnc/3498,MECOM,http://purl.bioontology.org/ontology/HGNC/gene,https://purl.humanatlas.io/vocab/hp
423,423,http://identifiers.org/hgnc/15460,CACNA2D3,http://purl.bioontology.org/ontology/HGNC/gene,https://purl.humanatlas.io/vocab/hp
424,424,http://identifiers.org/hgnc/29349,CCSER1,http://purl.bioontology.org/ontology/HGNC/gene,https://purl.humanatlas.io/vocab/hp
425,425,http://identifiers.org/hgnc/10910,SLC12A1,http://purl.bioontology.org/ontology/HGNC/gene,https://purl.humanatlas.io/vocab/hp
426,426,http://identifiers.org/hgnc/14598,IMMP2L,http://purl.bioontology.org/ontology/HGNC/gene,https://purl.humanatlas.io/vocab/hp
427,427,http://identifiers.org/hgnc/29173,KAZN,http://purl.bioontology.org/ontology/HGNC/gene,https://purl.humanatlas.io/vocab/hp
428,428,http://identifiers.org/hgnc/1514,CASR,http://purl.bioontology.org/ontology/HGNC/gene,https://purl.humanatlas.io/vocab/hp
429,429,http://identifiers.org/hgnc/23219,NAALADL2,http://purl.bioontology.org/ontology/HGNC/gene,https://purl.humanatlas.io/vocab/hp
430,430,http://identifiers.org/hgnc/12799,WWOX,http://purl.bioontology.org/ontology/HGNC/gene,https://purl.humanatlas.io/vocab/hp
431,431,http://identifiers.org/hgnc/8774,PDE1A,http://purl.bioontology.org/ontology/HGNC/gene,https://purl.humanatlas.io/vocab/hp
432,432,http://identifiers.org/hgnc/3701,FHIT,http://purl.bioontology.org/ontology/HGNC/gene,https://purl.humanatlas.io/vocab/hp
433,433,http://identifiers.org/hgnc/9016,PKHD1,http://purl.bioontology.org/ontology/HGNC/gene,https://purl.humanatlas.io/vocab/hp
434,434,http://identifiers.org/hgnc/3432,ERBB4,http://purl.bioontology.org/ontology/HGNC/gene,https://purl.humanatlas.io/vocab/hp
435,435,http://identifiers.org/hgnc/9026,PKP4,http://purl.bioontology.org/ontology/HGNC/gene,https://purl.humanatlas.io/vocab/hp
436,436,http://identifiers.org/hgnc/1742,LRBA,http://purl.bioontology.org/ontology/HGNC/gene,https://purl.humanatlas.io/vocab/hp
438,438,http://identifiers.org/hgnc/21380,LINC00472,http://purl.bioontology.org/ontology/HGNC/gene,https://purl.humanatlas.io/vocab/hp
439,439,http://identifiers.org/hgnc/19125,FGD4,http://purl.bioontology.org/ontology/HGNC/gene,https://purl.humanatlas.io/vocab/hp
440,440,http://identifiers.org/hgnc/8008,NRXN1,http://purl.bioontology.org/ontology/HGNC/gene,https://purl.humanatlas.io/vocab/hp
441,441,http://identifiers.org/hgnc/29394,XKR4,http://purl.bioontology.org/ontology/HGNC/gene,https://purl.humanatlas.io/vocab/hp
442,442,http://identifiers.org/hgnc/29849,CADM2,http://purl.bioontology.org/ontology/HGNC/gene,https://purl.humanatlas.io/vocab/hp
443,443,http://identifiers.org/hgnc/945,ADGRB3,http://purl.bioontology.org/ontology/HGNC/gene,https://purl.humanatlas.io/vocab/hp
444,444,http://identifiers.org/hgnc/2897,DLC1,http://purl.bioontology.org/ontology/HGNC/gene,https://purl.humanatlas.io/vocab/hp
445,445,http://identifiers.org/hgnc/4580,GRIK2,http://purl.bioontology.org/ontology/HGNC/gene,https://purl.humanatlas.io/vocab/hp
446,446,http://identifiers.org/hgnc/8010,NRXN3,http://purl.bioontology.org/ontology/HGNC/gene,https://purl.humanatlas.io/vocab/hp
447,447,http://identifiers.org/hgnc/25491,FRMD4A,http://purl.bioontology.org/ontology/HGNC/gene,https://purl.humanatlas.io/vocab/hp
448,448,http://identifiers.org/hgnc/17302,NEGR1,http://purl.bioontology.org/ontology/HGNC/gene,https://purl.humanatlas.io/vocab/hp
449,449,http://identifiers.org/hgnc/13503,ZBTB20,http://purl.bioontology.org/ontology/HGNC/gene,https://purl.humanatlas.io/vocab/hp
450,450,http://identifiers.org/hgnc/9393,PRKCA,http://purl.bioontology.org/ontology/HGNC/gene,https://purl.humanatlas.io/vocab/hp
451,451,http://identifiers.org/hgnc/19164,STARD13,http://purl.bioontology.org/ontology/HGNC/gene,https://purl.humanatlas.io/vocab/hp
453,453,http://identifiers.org/hgnc/25361,ARHGAP24,http://purl.bioontology.org/ontology/HGNC/gene,https://purl.humanatlas.io/vocab/hp
454,454,http://identifiers.org/hgnc/29144,EHBP1,http://purl.bioontology.org/ontology/HGNC/gene,https://purl.humanatlas.io/vocab/hp
455,455,http://identifiers.org/hgnc/14881,ZEB2,http://purl.bioontology.org/ontology/HGNC/gene,https://purl.humanatlas.io/vocab/hp
456,456,http://identifiers.org/hgnc/26829,NKAIN3,http://purl.bioontology.org/ontology/HGNC/gene,https://purl.humanatlas.io/vocab/hp
457,457,http://identifiers.org/hgnc/13427,RBMS3,http://purl.bioontology.org/ontology/HGNC/gene,https://purl.humanatlas.io/vocab/hp
458,458,http://identifiers.org/hgnc/37190,FTX,http://purl.bioontology.org/ontology/HGNC/gene,https://purl.humanatlas.io/vocab/hp
459,459,http://identifiers.org/hgnc/4169,GAS7,http://purl.bioontology.org/ontology/HGNC/gene,https://purl.humanatlas.io/vocab/hp
460,460,http://purl.obolibrary.org/obo/CL_0000236,B cell,http://purl.obolibrary.org/obo/CL_0000000,https://purl.humanatlas.io/vocab/hp
461,461,http://purl.obolibrary.org/obo/CL_1001432,Collecting duct intercalated cell,http://purl.obolibrary.org/obo/CL_0000000,https://purl.humanatlas.io/vocab/hp
462,462,http://purl.obolibrary.org/obo/CL_1001431,Collecting duct principal cell,http://purl.obolibrary.org/obo/CL_0000000,https://purl.humanatlas.io/vocab/hp
463,463,http://purl.obolibrary.org/obo/CL_1000768,Connecting tubule epithelial cell,http://purl.obolibrary.org/obo/CL_0000000,https://purl.humanatlas.io/vocab/hp
464,464,http://purl.obolibrary.org/obo/CL_0000451,Dendritic cell,http://purl.obolibrary.org/obo/CL_0000000,https://purl.humanatlas.io/vocab/hp
465,465,http://purl.obolibrary.org/obo/CL_1000849,Distal convoluted tubule epithelial cell,http://purl.obolibrary.org/obo/CL_0000000,https://purl.humanatlas.io/vocab/hp
466,466,http://purl.obolibrary.org/obo/CL_0000115,Endothelial cell,http://purl.obolibrary.org/obo/CL_0000000,https://purl.humanatlas.io/vocab/hp
467,467,http://purl.obolibrary.org/obo/CL_1000695,Kidney interstitial alternatively activated macrophage,http://purl.obolibrary.org/obo/CL_0000000,https://purl.humanatlas.io/vocab/hp
468,468,http://purl.obolibrary.org/obo/CL_1000692,Kidney interstitial fibroblast,http://purl.obolibrary.org/obo/CL_0000000,https://purl.humanatlas.io/vocab/hp
469,469,http://purl.obolibrary.org/obo/CL_1000909,Loop of Henle epithelial cell ,http://purl.obolibrary.org/obo/CL_0000000,https://purl.humanatlas.io/vocab/hp
470,470,http://purl.obolibrary.org/obo/CL_0000097,Mast cell,http://purl.obolibrary.org/obo/CL_0000000,https://purl.humanatlas.io/vocab/hp
471,471,http://purl.obolibrary.org/obo/CL_0000576,Monocyte,http://purl.obolibrary.org/obo/CL_0000000,https://purl.humanatlas.io/vocab/hp
472,472,http://purl.obolibrary.org/obo/CL_0000113,Mononuclear phagocyte,http://purl.obolibrary.org/obo/CL_0000000,https://purl.humanatlas.io/vocab/hp
473,473,http://purl.obolibrary.org/obo/CL_0000775,Neutrophil,http://purl.obolibrary.org/obo/CL_0000000,https://purl.humanatlas.io/vocab/hp
474,474,http://purl.obolibrary.org/obo/CL_1000597,Papillary tips cell,http://purl.obolibrary.org/obo/CL_0000000,https://purl.humanatlas.io/vocab/hp
475,475,http://purl.obolibrary.org/obo/CL_1000452,Parietal epithelial cell,http://purl.obolibrary.org/obo/CL_0000000,https://purl.humanatlas.io/vocab/hp
476,476,http://purl.obolibrary.org/obo/CL_0000786,Plasma cell,http://purl.obolibrary.org/obo/CL_0000000,https://purl.humanatlas.io/vocab/hp
477,477,http://purl.obolibrary.org/obo/CL_0000653,Podocyte,http://purl.obolibrary.org/obo/CL_0000000,https://purl.humanatlas.io/vocab/hp
478,478,http://purl.obolibrary.org/obo/CL_0002306,Proximal tubule epithelial cell,http://purl.obolibrary.org/obo/CL_0000000,https://purl.humanatlas.io/vocab/hp
479,479,http://purl.obolibrary.org/obo/CL_1001318,Renal interstitial pericyte,http://purl.obolibrary.org/obo/CL_0000000,https://purl.humanatlas.io/vocab/hp
480,480,http://purl.obolibrary.org/obo/CL_0000084,T cell,http://purl.obolibrary.org/obo/CL_0000000,https://purl.humanatlas.io/vocab/hp
481,481,http://purl.obolibrary.org/obo/CL_1001106,kidney loop of Henle thick ascending limb epithelial cell,http://purl.obolibrary.org/obo/CL_0000000,https://purl.humanatlas.io/vocab/hp
482,482,http://purl.obolibrary.org/obo/CL_0002319,neural cell,http://purl.obolibrary.org/obo/CL_0000000,https://purl.humanatlas.io/vocab/hp
